{"database":"yoyo","migrations":8}
{"database":"yoyo_test","migrations":26}
Instance credentials ready; no secrets printed.
 Image yoyo-import-parser-local:1.3.0 Building
#1 [internal] load local bake definitions
#1 reading from stdin 610B done
#1 DONE 0.0s

#2 [internal] load build definition from Dockerfile
#2 transferring dockerfile: 1.19kB done
#2 DONE 0.0s

#3 [internal] load metadata for docker.io/library/node:24.14.1-bookworm-slim@sha256:b506e7321f176aae77317f99d67a24b272c1f09f1d10f1761f2773447d8da26c
#3 DONE 0.0s

#4 [internal] load .dockerignore
#4 transferring context: 177B done
#4 DONE 0.0s

#5 [build 1/4] FROM docker.io/library/node:24.14.1-bookworm-slim@sha256:b506e7321f176aae77317f99d67a24b272c1f09f1d10f1761f2773447d8da26c
#5 resolve docker.io/library/node:24.14.1-bookworm-slim@sha256:b506e7321f176aae77317f99d67a24b272c1f09f1d10f1761f2773447d8da26c done
#5 DONE 0.0s

#6 [internal] load build context
#6 transferring context: 191B done
#6 DONE 0.0s

#7 [stage-1 3/6] COPY --from=build /media-sandbox /usr/local/bin/media-sandbox
#7 CACHED

#8 [stage-1 4/6] COPY tools/media/server.mjs /app/server.mjs
#8 CACHED

#9 [build 3/4] COPY tools/media/sandbox.c /sandbox.c
#9 CACHED

#10 [stage-1 5/6] COPY tools/media/import-validate.py /usr/local/lib/yoyo/import-validate.py
#10 CACHED

#11 [build 2/4] RUN --mount=type=cache,target=/var/cache/apt,sharing=locked rm -f /etc/apt/apt.conf.d/docker-clean && apt-get update && apt-get -o Acquire::Retries=3 install -y --no-install-recommends gcc libc6-dev linux-libc-dev
#11 CACHED

#12 [build 4/4] RUN gcc -O2 -Wall /sandbox.c -o /media-sandbox
#12 CACHED

#13 [stage-1 2/6] RUN --mount=type=cache,target=/var/cache/apt,sharing=locked rm -f /etc/apt/apt.conf.d/docker-clean && apt-get update && (apt-get -o Acquire::Retries=3 install -y --no-install-recommends python3 python3-pil ca-certificates || apt-get -o Acquire::Retries=3 install -y --no-install-recommends python3 python3-pil ca-certificates) && rm -rf /var/lib/apt/lists/* && mkdir /scratch && chown node:node /scratch
#13 CACHED

#14 [stage-1 6/6] WORKDIR /app
#14 CACHED

#15 exporting to image
#15 exporting layers done
#15 exporting manifest sha256:f782c75b45070e7848fe84830910bc8fc7f536ca4d1e1ec966b777e1334801be done
#15 exporting config sha256:0f7452627cf5463ec833d5d63842cddd9e5d2a7928abae9701c3b348b6b5d0d3 done
#15 exporting attestation manifest sha256:987efdedf044ccf322fb0097630144453db0540a54be7da2490d44294c022185 done
#15 exporting manifest list sha256:81071c8615a512b6c88f41d34d5ea85f68af2b947075a2e14fa6d65009dc08ca done
#15 naming to docker.io/library/yoyo-import-parser-local:1.3.0 done
#15 unpacking to docker.io/library/yoyo-import-parser-local:1.3.0 done
#15 DONE 0.0s

#16 resolving provenance for metadata file
#16 DONE 0.0s
 Image yoyo-import-parser-local:1.3.0 Built
 Container yoyo-s8-tests-storage-1 Running
 Container yoyo-s8-tests-media-executor-1 Recreate
 Container yoyo-s8-tests-media-executor-1 Recreated
 Container yoyo-s8-tests-media-executor-1 Starting
 Container yoyo-s8-tests-media-executor-1 Started
 Container yoyo-s8-tests-storage-1 Waiting
 Container yoyo-s8-tests-media-executor-1 Waiting
 Container yoyo-s8-tests-media-executor-1 Healthy
 Container yoyo-s8-tests-storage-1 Healthy
Private storage ready.
{"paths": 74, "operations": 89, "schemas": 124, "version": "1.2.0"}
{"version": "1.2.0", "paths": 74, "operations": 89, "schemas": 124, "samples": 26, "result": "passed", "scope": "static schema only"}

> yoyo-workbench@0.1.0 check /Users/junlong/projects/social-mdeida-ops-platform
> pnpm build && pnpm typecheck && pnpm test


> yoyo-workbench@0.1.0 build /Users/junlong/projects/social-mdeida-ops-platform
> pnpm db:generate && tsc -p tsconfig.json && pnpm --filter @yoyo/web build


> yoyo-workbench@0.1.0 db:generate /Users/junlong/projects/social-mdeida-ops-platform
> prisma generate

Loaded Prisma config from prisma.config.ts.

Prisma schema loaded from packages/db/prisma/schema.prisma.

✔ Generated Prisma Client (v7.10.0) to ./node_modules/.pnpm/@prisma+client@7.10.0_prisma@7.10.0_@types+react-dom@19.2.2_@types+react@19.2.2__@types_a5f616641512722fa171c0ec0738743a/node_modules/@prisma/client in 240ms

Start by importing your Prisma Client (See: https://pris.ly/d/importing-client)



> @yoyo/web@0.1.0 build /Users/junlong/projects/social-mdeida-ops-platform/apps/web
> vite build

vite v8.3.3 building client environment for production...
transforming...
✓ 27 modules transformed.
rendering chunks...
computing gzip size...
dist/index.html                   0.36 kB │ gzip:  0.28 kB
dist/assets/index-CfQXgyjo.css    9.06 kB │ gzip:  2.73 kB
dist/assets/index-2pND-ipQ.js   328.24 kB │ gzip: 96.93 kB

✓ built in 81ms

> yoyo-workbench@0.1.0 typecheck /Users/junlong/projects/social-mdeida-ops-platform
> tsc --noEmit -p tsconfig.json && pnpm --filter @yoyo/web typecheck


> @yoyo/web@0.1.0 typecheck /Users/junlong/projects/social-mdeida-ops-platform/apps/web
> tsc --noEmit


> yoyo-workbench@0.1.0 test /Users/junlong/projects/social-mdeida-ops-platform
> node tools/test-env.mjs

✔ 新范围固定20例可重现，覆盖来源/许可/旧版本和零素材，无生产工作流 (3.499333ms)
✔ 伪造ID、生产/排期字段、注入、许可撤回、旧Schema与无来源fact无法通过硬门槛 (0.809375ms)
✔ 白名单ID不是事实证明，必须逐字引用对应冻结来源 (0.097166ms)
✔ 未知真实工时及已取消输入缺口不能进入当前模型结果 (0.127458ms)
{"event":"http.request","request_id":"7f2e038a-c3ee-42c5-bce4-580f6779bb72","method":"GET","path":"/api/v1/auth/csrf","status":200,"duration_ms":7}
{"event":"http.request","request_id":"b6bf0aaf-80bc-42b9-bb1a-d24748e7beec","method":"POST","path":"/api/v1/setup","status":201,"duration_ms":37}
{"event":"http.request","request_id":"89e11499-46f5-463b-9a17-4c5d456bd362","method":"GET","path":"/api/v1/auth/csrf","status":200,"duration_ms":1}
{"event":"http.request","request_id":"087e7a09-2ef3-4ac0-99f6-9d35c84f1d4d","method":"POST","path":"/api/v1/auth/login","status":200,"duration_ms":23}
{"event":"http.request","request_id":"ee946e8d-db94-4d29-9e0b-cf870a824a00","method":"GET","path":"/api/v1/me","status":200,"duration_ms":84}
✔ 合法结构缓存复用；输入/模型/提示词/允许ID变化均失效，记录真实用量而未知费用不填零 (411.7685ms)
✔ 单次修复结构错误；禁止伪造ID，最终失败无结果 (12.034125ms)
✔ 业务校验必须通过；输入/Schema版本输出必须一致 (10.311541ms)
✔ 同输入并发只发一次模型调用；运行锁保留，显式失败后能重试 (15.650584ms)
✔ 取消/超时拒绝结果，包括忽视signal的provider；取消不会进入缓存 (1014.585333ms)
✔ 预算在调用前拒绝并发超支；单价估算与供应商账单明确区分 (22.697125ms)
✔ 缺配置禁用/权限或未知ID字段明确失败；模型错误不包含原始provider敏感文本 (12.946375ms)
✔ 独立预算空间的并发预留真正拒绝超支，一次修复累计计入单任务预算 (34.442709ms)
✔ 嵌套证据对象只校验真正的source_item_id，未知来源不能借对象绕过白名单 (0.767208ms)
✔ Job取消把信号传给AI调用；基础版本变化拒绝候选应用 (311.321375ms)
✔ 跨空间身份/非运行Job拒绝调用；已死进程运行可恢复但不会覆盖原记录 (18.231208ms)
✔ 缓存每次复查Schema、允许引用、业务规则与版本，损坏缓存拒绝使用 (8.960542ms)
✔ 数据库Date在提示词与缓存版本中保留ISO时间，不变成空对象 (10.184375ms)
✔ 截断响应明确失败仍记真实tokens和费用，不把已收费调用当零消费 (16.462708ms)
{"event":"http.request","request_id":"e50b98f6-a0cb-4326-919f-949906fd244f","method":"GET","path":"/api/v1/auth/csrf","status":200,"duration_ms":6}
{"event":"http.request","request_id":"df9f8908-a4d8-42ca-a663-f407ee707a23","method":"POST","path":"/api/v1/setup","status":201,"duration_ms":34}
{"event":"http.request","request_id":"86567e87-a6c9-4c50-8e30-529fa2d9e49d","method":"GET","path":"/api/v1/auth/csrf","status":200,"duration_ms":1}
{"event":"http.request","request_id":"a07f1400-d2ef-47cf-8d57-266ed621a957","method":"POST","path":"/api/v1/auth/login","status":200,"duration_ms":23}
{"event":"http.request","request_id":"e4b2b6f5-6a12-4e2c-bf3d-71510dac3e1c","method":"GET","path":"/api/v1/me","status":200,"duration_ms":79}
{"event":"http.request","request_id":"a58fed1d-539c-439b-9aa7-669aa25fbc13","method":"POST","path":"/api/v1/accounts","status":201,"duration_ms":10}
{"event":"http.request","request_id":"037a588e-a572-48eb-8383-e0424eb42608","method":"POST","path":"/api/v1/topic-generations","status":202,"duration_ms":14}
{"event":"http.request","request_id":"ff496a8a-fe4e-4872-b955-a90f3f989855","method":"POST","path":"/api/v1/topic-generations","status":202,"duration_ms":4}
{"event":"http.request","request_id":"dbee6e4f-ff07-4d97-990f-94015cc67705","method":"GET","path":"/api/v1/ai-requests/bad639eb-2238-4a93-a6ab-d14f4363e246","status":200,"duration_ms":3}
{"event":"http.request","request_id":"d7c3ba5a-1cb9-4abe-a406-83e6feb088fd","method":"GET","path":"/api/v1/ai-requests/bad639eb-2238-4a93-a6ab-d14f4363e246","status":200,"duration_ms":2}
✔ API幂等受理冻结输入，Outbox/worker产生建议而不建立内容，契约响应可读 (415.068083ms)
{"event":"http.request","request_id":"c074bce9-ff76-4fb9-82bd-4529545e57eb","method":"POST","path":"/api/v1/topic-generations","status":422,"duration_ms":3}
{"event":"http.request","request_id":"460def38-5a8c-42d0-aa99-1d3634631fb2","method":"POST","path":"/api/v1/topic-generations","status":503,"duration_ms":3}
{"event":"http.request","request_id":"5574b2ed-4cc5-4df3-9221-261500f81ab1","method":"GET","path":"/api/v1/ai-requests/c0fdfeb1-c8e5-484b-8b38-c473d2db79df","status":404,"duration_ms":1}
✔ 配置未启用和无效时段拒绝；未知请求不泄漏 (13.183708ms)
{"event":"http.request","request_id":"2c7c3e69-007c-478e-bb34-92a429968e0a","method":"POST","path":"/api/v1/topic-generations","status":202,"duration_ms":5}
{"event":"http.request","request_id":"7da685aa-2df0-442c-9ed1-bfd21d6e2876","method":"GET","path":"/api/v1/ai-requests/81925a97-495f-41cb-8f71-b261e23e9d92","status":200,"duration_ms":2}
{"event":"http.request","request_id":"7e7d88a9-addd-4f10-9484-e453b1d17acd","method":"POST","path":"/api/v1/topic-generations","status":202,"duration_ms":5}
{"event":"http.request","request_id":"cebde056-db74-4823-9f59-fdb6a9a369f4","method":"GET","path":"/api/v1/ai-requests/f546e80d-4018-46da-9403-225b3a3fcba5","status":200,"duration_ms":2}
✔ 账号版本变化或模型失败不能落成成功结果，任务失败有明确代码 (36.966375ms)
{"event":"http.request","request_id":"efefc198-2e87-4ff7-b342-a5c4a7f3a8ea","method":"POST","path":"/api/v1/topic-generations","status":202,"duration_ms":5}
{"event":"http.request","request_id":"ddba7066-d331-4b48-9dfc-41f3b4dcb966","method":"POST","path":"/api/v1/jobs/a96033d5-04d5-4b97-a830-06315df6f099/cancel","status":200,"duration_ms":5}
{"event":"http.request","request_id":"b3d5e835-9295-4316-84f2-88683bc23041","method":"GET","path":"/api/v1/ai-requests/3b3baa47-25d5-4e01-8d47-d6ff77f1efe8","status":200,"duration_ms":2}
✔ 排队任务取消同步状态并不调用模型 (17.229667ms)
{"event":"http.request","request_id":"5378a985-d9be-41f8-9188-5bda45f292a7","method":"POST","path":"/api/v1/topic-generations","status":202,"duration_ms":5}
{"event":"http.request","request_id":"2b7df322-26cf-470e-9aa2-61fabb803a1b","method":"GET","path":"/api/v1/ai-requests/25d8896a-e5bb-4538-a4d5-9d96830ab02a","status":200,"duration_ms":2}
✔ 处理器返回后到最终提交前发生竞争，guard原子拒绝旧结果 (22.753042ms)
{"event":"http.request","request_id":"b5101d79-1179-40bf-a459-0765c4ede510","method":"GET","path":"/api/v1/auth/csrf","status":200,"duration_ms":4}
{"event":"http.request","request_id":"cf981440-5e08-499a-9e95-3801b5f47c53","method":"POST","path":"/api/v1/setup","status":201,"duration_ms":25}
{"event":"http.request","request_id":"c26d5a96-c9dc-45ad-a39f-e74150c9bb4c","method":"GET","path":"/api/v1/auth/csrf","status":200,"duration_ms":1}
{"event":"http.request","request_id":"b5981378-119d-4941-b0ad-36593ce077da","method":"POST","path":"/api/v1/auth/login","status":200,"duration_ms":19}
{"event":"http.request","request_id":"d6360e8e-0519-454e-aa79-1f3d5f230531","method":"GET","path":"/api/v1/me","status":200,"duration_ms":82}
{"event":"http.request","request_id":"75923c25-6ac8-4020-b064-796f008f510f","method":"POST","path":"/api/v1/accounts","status":201,"duration_ms":10}
{"event":"http.request","request_id":"52900a23-7553-46c1-b937-8a5924c226ea","method":"POST","path":"/api/v1/publications","status":201,"duration_ms":8}
{"event":"http.request","request_id":"e7f01d19-cfe5-4743-9e6f-a4e08bb2c00d","method":"POST","path":"/api/v1/publications","status":201,"duration_ms":7}
{"event":"http.request","request_id":"061ce6cc-b040-402b-a656-ac7fc6c2d58b","method":"GET","path":"/api/v1/metrics/analysis","status":200,"duration_ms":3}
{"event":"http.request","request_id":"2f9070e8-23ee-4bda-9d87-fdb96c44468a","method":"GET","path":"/api/v1/metrics/analysis","status":404,"duration_ms":2}
{"event":"http.request","request_id":"a62294c9-628f-4f70-83ef-ef45498ecefd","method":"GET","path":"/api/v1/metrics/analysis","status":404,"duration_ms":2}
{"event":"http.request","request_id":"4ab12c87-83bc-45c5-b972-ff71c52c104e","method":"GET","path":"/api/v1/metrics/analysis","status":422,"duration_ms":1}
{"event":"http.request","request_id":"a72351ae-e3a2-4e39-976d-aca6a46528a6","method":"GET","path":"/api/v1/metrics/analysis","status":422,"duration_ms":1}
{"event":"http.request","request_id":"46e8db5f-998b-430a-a0b3-96f840fe5d14","method":"GET","path":"/api/v1/metrics/analysis","status":422,"duration_ms":1}
{"event":"http.request","request_id":"5a76ba9e-1d02-4842-9549-a7f20e664de7","method":"GET","path":"/api/v1/metrics/analysis","status":422,"duration_ms":1}
{"event":"http.request","request_id":"2fd38134-2596-412f-893b-cf4feb6bcc13","method":"GET","path":"/api/v1/metrics/analysis","status":404,"duration_ms":2}
✔ 看板真空态、未知账号/笔记/跨账号/越权与非法筛选拒绝 (415.536417ms)
{"event":"http.request","request_id":"4967fc3e-2dd9-4003-922d-86ad6bb820d0","method":"POST","path":"/api/v1/imports","status":202,"duration_ms":6}
{"event":"http.request","request_id":"53ad6605-b0c5-4d6d-a819-e080c971ebf2","method":"GET","path":"/api/v1/imports/0894e909-d75e-4af8-851b-1f6312384952/rows","status":200,"duration_ms":2}
{"event":"http.request","request_id":"3486f656-0cd1-4695-86e5-58d9ee3533b9","method":"POST","path":"/api/v1/imports/0894e909-d75e-4af8-851b-1f6312384952/confirm","status":200,"duration_ms":11}
{"event":"http.request","request_id":"824c280e-8acc-461c-af22-d1a257c82728","method":"POST","path":"/api/v1/imports","status":202,"duration_ms":4}
{"event":"http.request","request_id":"7f644375-f8b1-4efb-a031-0e2fe690e80b","method":"GET","path":"/api/v1/imports/895f629f-35b9-406a-8d1d-d74e6899194f/rows","status":200,"duration_ms":2}
{"event":"http.request","request_id":"acf14f67-1614-4048-8bc2-e3f67daf2553","method":"POST","path":"/api/v1/imports/895f629f-35b9-406a-8d1d-d74e6899194f/confirm","status":200,"duration_ms":8}
{"event":"http.request","request_id":"f9ab9463-ccd6-4726-aaf7-18ad0bb2b680","method":"POST","path":"/api/v1/imports","status":202,"duration_ms":5}
{"event":"http.request","request_id":"8c4dd9ea-db57-4253-9d99-fabbb0e2d854","method":"GET","path":"/api/v1/imports/2e832c1b-b01c-4b8c-bd2f-f59094892093/rows","status":200,"duration_ms":2}
{"event":"http.request","request_id":"c7390cfa-5fe8-45aa-a221-125c5e5b4529","method":"POST","path":"/api/v1/imports/2e832c1b-b01c-4b8c-bd2f-f59094892093/confirm","status":200,"duration_ms":6}
{"event":"http.request","request_id":"597f164c-b622-413e-a594-67324251ca41","method":"POST","path":"/api/v1/imports","status":202,"duration_ms":4}
{"event":"http.request","request_id":"2e796c17-91ec-4cfa-b803-b59e0b8b7a68","method":"GET","path":"/api/v1/imports/4ab4efd2-7983-4f63-a957-a7f5043beaff/rows","status":200,"duration_ms":1}
{"event":"http.request","request_id":"1a9dd5e8-17f8-43b0-80e1-869ca50ba2db","method":"POST","path":"/api/v1/imports/4ab4efd2-7983-4f63-a957-a7f5043beaff/confirm","status":200,"duration_ms":5}
{"event":"http.request","request_id":"2e69af87-367c-4df4-a999-d2c6c2e889a7","method":"POST","path":"/api/v1/imports","status":202,"duration_ms":4}
{"event":"http.request","request_id":"4381dd9c-6522-4011-b417-6e9e5b3bf2f9","method":"GET","path":"/api/v1/imports/e32e2f59-7dd8-44e1-86f6-ee348b8a4066/rows","status":200,"duration_ms":1}
{"event":"http.request","request_id":"65eff5a5-16c1-4fc3-8452-134a8f363d6a","method":"POST","path":"/api/v1/imports/e32e2f59-7dd8-44e1-86f6-ee348b8a4066/confirm","status":200,"duration_ms":5}
{"event":"http.request","request_id":"bb267e8e-bf29-48e0-b01a-a79a69b769c2","method":"POST","path":"/api/v1/imports","status":202,"duration_ms":4}
{"event":"http.request","request_id":"f6f0e799-684d-4575-a7d5-55fcd967ec3a","method":"GET","path":"/api/v1/imports/44e9c268-9fe2-49dc-a71e-5491edb2c289/rows","status":200,"duration_ms":2}
{"event":"http.request","request_id":"8befbcfa-27f9-4ed6-9c53-a3b48d266fe6","method":"POST","path":"/api/v1/imports/44e9c268-9fe2-49dc-a71e-5491edb2c289/confirm","status":200,"duration_ms":6}
{"event":"http.request","request_id":"33cb8788-8caf-459b-abdc-d35e6a9856fb","method":"POST","path":"/api/v1/imports","status":202,"duration_ms":4}
{"event":"http.request","request_id":"e0551283-a2a1-4a71-b415-73cd8133e849","method":"GET","path":"/api/v1/imports/ac0f99ac-1cfd-433a-91b5-b3b4205fea14/rows","status":200,"duration_ms":2}
{"event":"http.request","request_id":"4970ccb0-0e2f-420f-ab3b-283bd767ac6c","method":"POST","path":"/api/v1/imports/ac0f99ac-1cfd-433a-91b5-b3b4205fea14/confirm","status":200,"duration_ms":6}
{"event":"http.request","request_id":"c16414f1-7161-4a00-9d84-16abbdd017f9","method":"GET","path":"/api/v1/metrics","status":200,"duration_ms":2}
{"event":"http.request","request_id":"db05eadd-f676-4310-ab7f-ac554182fcde","method":"GET","path":"/api/v1/metrics/calculations","status":200,"duration_ms":8}
{"event":"http.request","request_id":"c0e99eb7-e518-4cf3-9f60-cd1a0c9f2aae","method":"GET","path":"/api/v1/metrics/analysis","status":200,"duration_ms":2}
{"event":"http.request","request_id":"c1ddf74a-456c-478e-895b-a2d912f63ff0","method":"GET","path":"/api/v1/metrics/analysis","status":200,"duration_ms":1}
{"event":"http.request","request_id":"ee302311-60fa-4c7b-ab5a-4f622b91e2a1","method":"POST","path":"/api/v1/imports","status":202,"duration_ms":4}
{"event":"http.request","request_id":"4f5d89f0-d188-4758-9f3b-0766b39228a8","method":"GET","path":"/api/v1/metrics/analysis","status":200,"duration_ms":2}
✔ 分析完整口径分组，形式/流量/窗口正确，期末快照不进列表却参与计算 (138.987ms)
✔ 缺失/约数/单快照/混合流量与统计类型保持分离，不填趋势 (0.240709ms)
{"event":"http.request","request_id":"aba1b4ad-4da5-4c4b-914f-983cb243b3d9","method":"GET","path":"/api/v1/metrics/calculations","status":200,"duration_ms":6}
{"event":"http.request","request_id":"4b82625a-4f27-4072-bfc0-7e5b00e6f366","method":"PATCH","path":"/api/v1/publications/11372a4c-2719-4972-8b32-a8bfa5588c45","status":200,"duration_ms":6}
{"event":"http.request","request_id":"ed788581-0244-40dd-9a39-2f195924bae5","method":"PATCH","path":"/api/v1/publications/11372a4c-2719-4972-8b32-a8bfa5588c45","status":200,"duration_ms":5}
{"event":"http.request","request_id":"da9887b9-2d6c-46e4-8f4c-68ce21c662f1","method":"GET","path":"/api/v1/metrics/calculations","status":200,"duration_ms":6}
{"event":"http.request","request_id":"5c44468e-711f-4532-b2f7-3f19d1e3bfe9","method":"GET","path":"/api/v1/calculations/4af70e3d-a547-4b37-805f-14470bf03686","status":200,"duration_ms":4}
{"event":"http.request","request_id":"04d6f7f0-0f34-49fc-8e71-ad823a1ac0d6","method":"GET","path":"/api/v1/metrics/calculations","status":200,"duration_ms":5}
✔ 发布时间复核恢复同数据重算必须新ID且旧计算仍stale (37.381708ms)
{"event":"http.request","request_id":"4e844ccd-ce66-4033-a581-1a79c4e283c0","method":"GET","path":"/api/v1/auth/csrf","status":200,"duration_ms":4}
{"event":"http.request","request_id":"f5020b96-6923-4c48-8458-93c0ca6caa94","method":"POST","path":"/api/v1/setup","status":403,"duration_ms":3}
{"event":"http.request","request_id":"39226fe3-14c6-4883-89ed-f82c40bbbccb","method":"POST","path":"/api/v1/setup","status":403,"duration_ms":1}
{"event":"http.request","request_id":"5d946267-c34c-4081-a348-41dbd4644309","method":"POST","path":"/api/v1/setup","status":403,"duration_ms":2}
{"event":"http.request","request_id":"731e6353-c120-4fbb-a655-7597837df24e","method":"POST","path":"/api/v1/setup","status":201,"duration_ms":25}
{"event":"http.request","request_id":"3948c6f2-4f1e-4c9b-bf57-dae1eabc233b","method":"POST","path":"/api/v1/setup","status":409,"duration_ms":24}
{"event":"http.request","request_id":"0f254a6d-4573-4549-82c3-4b50aefd83e0","method":"GET","path":"/api/v1/setup/status","status":200,"duration_ms":0}
✔ 首次设置必须验证Origin、CSRF、实例凭据；并发只创建一个管理员 (235.863459ms)
{"event":"http.request","request_id":"c2624fbd-e1cb-4b9c-87af-84d2fc5665e2","method":"GET","path":"/api/v1/auth/csrf","status":200,"duration_ms":1}
{"event":"http.request","request_id":"ff715e6c-d346-4c28-ba3f-95746336c4a5","method":"POST","path":"/api/v1/auth/login","status":200,"duration_ms":19}
{"event":"http.request","request_id":"1a0445b8-c2b7-413e-991c-590a90831a51","method":"GET","path":"/api/v1/me","status":200,"duration_ms":78}
{"event":"http.request","request_id":"46068f86-75ab-4c89-99e3-050205079e52","method":"GET","path":"/api/v1/me","status":401,"duration_ms":1}
✔ 内部登录轮换会话、Argon2id保存，身份响应不泄漏凭据 (109.472459ms)
{"event":"http.request","request_id":"38eba7f7-dcd3-4734-8066-7e393b418193","method":"POST","path":"/api/v1/accounts","status":201,"duration_ms":11}
{"event":"http.request","request_id":"6f2af2a9-42e2-4d47-8fb4-abb52bd1b9e9","method":"POST","path":"/api/v1/accounts","status":201,"duration_ms":15}
{"event":"http.request","request_id":"97274855-93d7-4f3e-bd30-801027c43eb4","method":"POST","path":"/api/v1/accounts","status":201,"duration_ms":18}
{"event":"http.request","request_id":"ebc3005a-8b9b-4139-b6dd-b50fba5df3b9","method":"POST","path":"/api/v1/accounts","status":201,"duration_ms":19}
{"event":"http.request","request_id":"75d79e73-cc9b-4c9d-88d2-14535127d779","method":"POST","path":"/api/v1/accounts","status":201,"duration_ms":19}
{"event":"http.request","request_id":"b6c14e7f-72ed-41fc-bd9d-33ab3fc56e23","method":"POST","path":"/api/v1/accounts","status":201,"duration_ms":19}
{"event":"http.request","request_id":"7d7b9612-7f82-492b-8deb-1e098540c93d","method":"POST","path":"/api/v1/accounts","status":409,"duration_ms":3}
{"event":"http.request","request_id":"39ee7ea0-dc31-4f67-9972-67636ec1c903","method":"PATCH","path":"/api/v1/accounts/705905e7-b06a-4175-a39e-c210a570e957","status":422,"duration_ms":3}
✔ 并发同键创建复用结果；异载荷409；字段白名单拒绝注入 (33.625833ms)
{"event":"http.request","request_id":"727248ed-1860-48c5-a1b5-f64ed8f1a31f","method":"PATCH","path":"/api/v1/accounts/705905e7-b06a-4175-a39e-c210a570e957","status":200,"duration_ms":6}
{"event":"http.request","request_id":"0d27cee4-d9ae-4046-9d33-a64073dc5f30","method":"PATCH","path":"/api/v1/accounts/705905e7-b06a-4175-a39e-c210a570e957","status":409,"duration_ms":9}
{"event":"http.request","request_id":"7b333517-2657-40ad-a9d8-64976a1342a7","method":"GET","path":"/api/v1/audit-logs","status":422,"duration_ms":2}
{"event":"http.request","request_id":"e9c8ee52-6cc1-4b76-b8a5-8b1ae4efb91d","method":"GET","path":"/api/v1/audit-logs","status":200,"duration_ms":1}
{"event":"http.request","request_id":"a73cb1b5-27d5-4bab-aa37-16744f0d28a0","method":"GET","path":"/api/v1/audit-logs","status":200,"duration_ms":2}
{"event":"http.request","request_id":"a7b6c238-5b61-4312-b8a3-107b7d826dab","method":"GET","path":"/api/v1/audit-logs","status":422,"duration_ms":1}
✔ expected_version竞争只允许一个写入，错误和分页协议统一 (23.2415ms)
{"event":"http.request","request_id":"22d1933d-91ff-4782-97fe-e77a57a96d65","method":"POST","path":"/api/v1/members","status":201,"duration_ms":21}
{"event":"http.request","request_id":"110ec560-055c-4587-98d5-ef68754212b9","method":"GET","path":"/api/v1/auth/csrf","status":200,"duration_ms":2}
{"event":"http.request","request_id":"826050cb-55a9-4a93-9922-7a02b217bce4","method":"POST","path":"/api/v1/auth/accept-invite","status":200,"duration_ms":22}
{"event":"http.request","request_id":"c526caac-6e9d-4f5a-9005-fa4f74e9ed35","method":"POST","path":"/api/v1/auth/accept-invite","status":422,"duration_ms":17}
{"event":"http.request","request_id":"121c0142-5028-4b58-9389-5bc9f31381f0","method":"GET","path":"/api/v1/auth/csrf","status":200,"duration_ms":1}
{"event":"http.request","request_id":"508a058b-fcae-49c5-b028-0d5f6fe5385e","method":"POST","path":"/api/v1/auth/login","status":200,"duration_ms":17}
{"event":"http.request","request_id":"e575ba42-7505-44d9-bb4f-2a01632a5948","method":"POST","path":"/api/v1/members","status":201,"duration_ms":20}
{"event":"http.request","request_id":"c128da9c-c8b6-4988-bcd7-d10f2affb972","method":"GET","path":"/api/v1/auth/csrf","status":200,"duration_ms":0}
{"event":"http.request","request_id":"85af62eb-e117-4f01-a5c1-6b3e8c2787f7","method":"POST","path":"/api/v1/auth/accept-invite","status":200,"duration_ms":17}
{"event":"http.request","request_id":"5501a3e9-b70e-49f4-ad0d-b35e9ac8dfd5","method":"POST","path":"/api/v1/auth/accept-invite","status":422,"duration_ms":16}
{"event":"http.request","request_id":"793c0a1a-728d-47df-9111-800958bcc51c","method":"GET","path":"/api/v1/auth/csrf","status":200,"duration_ms":0}
{"event":"http.request","request_id":"56125595-da96-46c7-a4a4-7e54123c88f8","method":"POST","path":"/api/v1/auth/login","status":200,"duration_ms":18}
{"event":"http.request","request_id":"8d482010-28d2-4fef-9a19-e75c621be6fa","method":"POST","path":"/api/v1/members","status":201,"duration_ms":20}
{"event":"http.request","request_id":"42c9c57a-da82-4d12-8f50-a9c622d3df9d","method":"GET","path":"/api/v1/auth/csrf","status":200,"duration_ms":0}
{"event":"http.request","request_id":"ef0409ed-04ae-4766-ba5b-da1d54c89eb4","method":"POST","path":"/api/v1/auth/accept-invite","status":200,"duration_ms":18}
{"event":"http.request","request_id":"f3ce8091-4cf6-4535-b328-4d31ebddbd64","method":"POST","path":"/api/v1/auth/accept-invite","status":422,"duration_ms":17}
{"event":"http.request","request_id":"1b9f60cc-89a6-42c5-b4df-b2e9c2b0f87f","method":"GET","path":"/api/v1/auth/csrf","status":200,"duration_ms":1}
{"event":"http.request","request_id":"5ca1813b-d6f1-4cf8-a59e-16e29f41047e","method":"POST","path":"/api/v1/auth/login","status":200,"duration_ms":19}
{"event":"http.request","request_id":"32d0901d-0f49-4358-a6b4-8cefce3731fb","method":"GET","path":"/api/v1/me","status":200,"duration_ms":2}
{"event":"http.request","request_id":"98a2982d-4cb3-40ab-b814-982672e8c1cb","method":"GET","path":"/api/v1/accounts/705905e7-b06a-4175-a39e-c210a570e957","status":200,"duration_ms":1}
{"event":"http.request","request_id":"7d7bc624-bd91-41d9-9ab8-243a01e25f66","method":"PATCH","path":"/api/v1/accounts/705905e7-b06a-4175-a39e-c210a570e957","status":403,"duration_ms":3}
{"event":"http.request","request_id":"66da4886-2c40-492e-961e-330192985294","method":"GET","path":"/api/v1/members","status":403,"duration_ms":1}
{"event":"http.request","request_id":"3174690f-96f0-4bbc-a2dc-1f2fda4d7bbe","method":"PATCH","path":"/api/v1/accounts/705905e7-b06a-4175-a39e-c210a570e957","status":403,"duration_ms":3}
{"event":"http.request","request_id":"239607dc-c985-47e2-8540-793ac72df3bf","method":"GET","path":"/api/v1/files/b459ec5a-9dce-43a3-ab27-25594b94bb79/download","status":403,"duration_ms":1}
{"event":"http.request","request_id":"9227362e-6249-43aa-bbdb-41b19b98aa40","method":"GET","path":"/api/v1/files/ae8866b2-a20b-4971-93de-126b26e244fd/preview","status":404,"duration_ms":2}
{"event":"http.request","request_id":"329c8903-b620-4437-822e-ae1533a3f264","method":"POST","path":"/api/v1/jobs/50b3e287-3793-47ff-8563-08a2757496fc/cancel","status":403,"duration_ms":2}
✔ 邀请、组合角色及只读权限；重复使用邀请被拒绝 (269.862958ms)
{"event":"http.request","request_id":"eb16c55c-0a08-45e3-86dd-8ac074f535c3","method":"POST","path":"/api/v1/diagnostics","status":202,"duration_ms":5}
{"event":"http.request","request_id":"ef5113ca-796c-47ee-9f21-a161bdf65709","method":"GET","path":"/api/v1/jobs/09c90471-5505-4533-b0c1-99fdeaa7da50","status":200,"duration_ms":2}
{"event":"http.request","request_id":"6bc72339-aa85-4aa5-97de-faa41375e3bd","method":"GET","path":"/api/v1/jobs/09c90471-5505-4533-b0c1-99fdeaa7da50","status":404,"duration_ms":1}
{"event":"http.request","request_id":"f8898a57-6b78-4f94-b8bd-065d2ea098e9","method":"GET","path":"/api/v1/auth/csrf","status":200,"duration_ms":0}
{"event":"http.request","request_id":"f9bba00f-7fb9-4d53-aae1-33d282baaa02","method":"GET","path":"/api/v1/auth/csrf","status":200,"duration_ms":1}
{"event":"http.request","request_id":"d0fd994f-cd50-4259-9b1b-3bb1b1b3f37a","method":"POST","path":"/api/v1/auth/login","status":200,"duration_ms":20}
✔ 诊断202立即可查询Job；其他用户/账号不可见，生产Cookie为Secure (36.742625ms)
{"event":"http.request","request_id":"e03a6ef0-ca50-4a65-89a2-d9af7c85421b","method":"GET","path":"/api/v1/accounts/4690f46c-8a1c-4377-94bb-0a87d246c7ef","status":404,"duration_ms":1}
{"event":"http.request","request_id":"ec670dc3-f521-4101-8b81-928df9da43e7","method":"GET","path":"/api/v1/me","status":404,"duration_ms":1}
{"event":"http.request","request_id":"00353005-fbbd-426d-8d27-6a96755834f8","method":"PATCH","path":"/api/v1/accounts/705905e7-b06a-4175-a39e-c210a570e957","status":422,"duration_ms":4}
{"event":"http.request","request_id":"20126a74-a24b-4e1e-9021-662ae74a3739","method":"GET","path":"/api/v1/accounts/705905e7-b06a-4175-a39e-c210a570e957","status":404,"duration_ms":2}
✔ 工作区、账号与负责人归属不能跨界；数据库复合外键生效 (28.677334ms)
{"event":"http.request","request_id":"0ff4a6e9-a6ba-4ff5-8824-0d54e3fd2cc1","method":"PATCH","path":"/api/v1/members/28bd9ccd-134a-4a65-9598-91bf1595ea5d","status":422,"duration_ms":4}
{"event":"http.request","request_id":"80a6c702-4dbf-4b3f-953c-6e1f6c5a8dff","method":"PATCH","path":"/api/v1/members/0d88c09f-4b2a-4ebe-847b-12ff62456037","status":200,"duration_ms":5}
{"event":"http.request","request_id":"2918815f-f32f-4591-8d42-8727ae765eb1","method":"GET","path":"/api/v1/me","status":200,"duration_ms":2}
{"event":"http.request","request_id":"a8ff09c4-ebc9-48c8-9f34-a683e8e9ad47","method":"PATCH","path":"/api/v1/settings","status":403,"duration_ms":2}
{"event":"http.request","request_id":"dc8b9c8a-f4dc-4871-8e13-00963313120a","method":"PATCH","path":"/api/v1/members/0d88c09f-4b2a-4ebe-847b-12ff62456037","status":200,"duration_ms":5}
{"event":"http.request","request_id":"3f77f2b2-b312-4fef-89e2-8e4745e0ee13","method":"GET","path":"/api/v1/me","status":401,"duration_ms":1}
✔ 即时角色检查、最后管理员保护、成员停用与会话失效 (24.312875ms)
{"event":"http.request","request_id":"20179138-fddd-4855-8e72-10894c237c89","method":"GET","path":"/api/v1/me","status":200,"duration_ms":3}
{"event":"http.request","request_id":"cb011b05-d462-43af-9d26-9e701456e6b2","method":"POST","path":"/api/v1/notifications/bfa981ac-cf33-4e47-aea3-2a0e1f041f29/read","status":404,"duration_ms":3}
{"event":"http.request","request_id":"158d5443-bef8-4d8c-9076-5555dbb0985d","method":"POST","path":"/api/v1/notifications/bfa981ac-cf33-4e47-aea3-2a0e1f041f29/read","status":200,"duration_ms":3}
{"event":"http.request","request_id":"a5686e9c-0689-4ef4-80c3-ab8cb419d0aa","method":"GET","path":"/api/v1/notifications","status":200,"duration_ms":2}
{"event":"http.request","request_id":"bc25b1a4-11c3-4660-bb96-c7278d710eb5","method":"GET","path":"/api/v1/audit-logs","status":200,"duration_ms":1}
✔ 通知按人隔离；已读只修改通知；审计追加且不记录密码 (21.476292ms)
{"event":"http.request","request_id":"536719b1-3e3f-489a-ab61-05d4861f6cf2","method":"GET","path":"/api/v1/auth/csrf","status":200,"duration_ms":1}
{"event":"http.request","request_id":"dbd39706-3af1-46ae-9ca7-ee4c7cf3457e","method":"POST","path":"/api/v1/auth/login","status":200,"duration_ms":19}
{"event":"http.request","request_id":"402d76b0-fe18-4855-b6a1-2a7aed8361e7","method":"GET","path":"/api/v1/me","status":200,"duration_ms":2}
{"event":"http.request","request_id":"8b0a0b6c-7b83-414e-9e07-717e14f285bb","method":"GET","path":"/api/v1/me","status":401,"duration_ms":1}
{"event":"http.request","request_id":"e4320ed3-28e1-4508-9d90-bdb47b3cebfa","method":"GET","path":"/api/v1/auth/csrf","status":200,"duration_ms":1}
{"event":"http.request","request_id":"124425c7-a12d-40d4-8585-4c630b3a19f2","method":"POST","path":"/api/v1/auth/login","status":200,"duration_ms":18}
{"event":"http.request","request_id":"5adedfeb-c2ab-4427-8943-9e2642a547d7","method":"GET","path":"/api/v1/me","status":200,"duration_ms":2}
{"event":"http.request","request_id":"50b654d7-d2ea-44e1-9fdf-d6ddce919ca6","method":"GET","path":"/api/v1/me","status":401,"duration_ms":1}
{"event":"http.request","request_id":"60862554-ad40-4e8d-bed6-9348a9279d9e","method":"POST","path":"/api/v1/auth/logout","status":200,"duration_ms":3}
{"event":"http.request","request_id":"3430c199-16bd-471c-af8d-45c7f3957c48","method":"GET","path":"/api/v1/me","status":401,"duration_ms":2}
{"event":"http.request","request_id":"d22c592c-5a83-41eb-ac72-0f3e4efb83d7","method":"GET","path":"/api/v1/auth/csrf","status":200,"duration_ms":1}
{"event":"http.request","request_id":"6676d49c-bfd9-43ae-99d7-8f7df7591f40","method":"POST","path":"/api/v1/auth/login","status":401,"duration_ms":17}
{"event":"http.request","request_id":"c4a918ef-6218-4ce9-b854-9ed95c51a766","method":"POST","path":"/api/v1/auth/login","status":401,"duration_ms":17}
{"event":"http.request","request_id":"65df33d6-c22c-4692-9536-9ca6cfd7354c","method":"POST","path":"/api/v1/auth/login","status":401,"duration_ms":17}
{"event":"http.request","request_id":"039a7833-0aa9-4077-997b-eea31bff7070","method":"POST","path":"/api/v1/auth/login","status":429,"duration_ms":2}
{"event":"http.request","request_id":"4048992f-937a-4537-bddc-1ed02e492f3c","method":"POST","path":"/api/v1/auth/login","status":429,"duration_ms":1}
{"event":"http.request","request_id":"2fd8d6a1-86f3-4ff5-b655-757de73bc546","method":"POST","path":"/api/v1/auth/login","status":429,"duration_ms":0}
{"event":"http.request","request_id":"e180bacf-b238-4003-bda1-76517ea21751","method":"POST","path":"/api/v1/auth/login","status":429,"duration_ms":1}
{"event":"http.request","request_id":"5a6ebc4a-3959-4193-a09d-a899752a1315","method":"POST","path":"/api/v1/auth/login","status":429,"duration_ms":1}
{"event":"http.request","request_id":"ec312de0-c2b0-47d0-9147-32f8896da360","method":"POST","path":"/api/v1/auth/login","status":429,"duration_ms":1}
{"event":"http.request","request_id":"72b6a004-360a-4032-ae80-715c20436f8b","method":"POST","path":"/api/v1/auth/login","status":429,"duration_ms":2}
{"event":"http.request","request_id":"a76fcf67-9118-47c2-9123-2933e7182f9e","method":"POST","path":"/api/v1/auth/login","status":429,"duration_ms":1}
✔ 绝对/闲置过期、注销和登录限流 (123.989792ms)
{"event":"http.request","request_id":"ca01f440-ab7c-4ce4-9f96-6bb7ddca5e72","method":"GET","path":"/api/v1/auth/csrf","status":200,"duration_ms":5}
{"event":"http.request","request_id":"f211e09f-0e91-42a5-8288-309f1d8bc6ce","method":"POST","path":"/api/v1/setup","status":201,"duration_ms":34}
{"event":"http.request","request_id":"29cd5e09-1eb7-42cb-b4d5-f95dbf9d382f","method":"GET","path":"/api/v1/auth/csrf","status":200,"duration_ms":1}
{"event":"http.request","request_id":"445fa52a-6e07-4c3b-b1be-5e18a3111ee8","method":"POST","path":"/api/v1/auth/login","status":200,"duration_ms":22}
{"event":"http.request","request_id":"73bc222b-b246-4b98-b0f0-e4185d402dde","method":"GET","path":"/api/v1/me","status":200,"duration_ms":82}
{"event":"http.request","request_id":"72f6b364-07c6-4cc7-bf1f-68f091bfca0f","method":"POST","path":"/api/v1/source-connections","status":201,"duration_ms":9}
{"event":"http.request","request_id":"c75f1cc9-579f-448f-a266-2629af834b94","method":"POST","path":"/api/v1/source-connections/2f05d22d-7051-42ce-a679-e0ae4e6e17a1/refresh","status":202,"duration_ms":9}
{"event":"http.request","request_id":"c0e27ecb-7ff6-452d-a7bd-406d24948b0f","method":"POST","path":"/api/v1/source-connections/2f05d22d-7051-42ce-a679-e0ae4e6e17a1/refresh","status":202,"duration_ms":15}
{"event":"http.request","request_id":"e6c834ff-a1f8-4151-a84c-fda27b2fde4c","method":"GET","path":"/api/v1/source-connections/2f05d22d-7051-42ce-a679-e0ae4e6e17a1","status":200,"duration_ms":1}
{"event":"http.request","request_id":"799d1f11-dbda-409d-b040-60a952b060bf","method":"POST","path":"/api/v1/source-connections/2f05d22d-7051-42ce-a679-e0ae4e6e17a1/refresh","status":429,"duration_ms":4}
✔ 同源并发刷新复用一个运行，事务Outbox持久化，能力来自实际执行 (415.143ms)
{"event":"http.request","request_id":"4afb0de4-4969-44cb-9930-13ad2086364b","method":"POST","path":"/api/v1/source-connections","status":201,"duration_ms":5}
{"event":"http.request","request_id":"64bd0555-9477-49b3-a0e8-fc2db9e36a03","method":"POST","path":"/api/v1/source-connections/bf7a8f69-95f6-40e3-a896-aa5c9159a49e/refresh","status":409,"duration_ms":2}
{"event":"http.request","request_id":"f73db8f7-c575-44a8-a61f-c4fafa586725","method":"PATCH","path":"/api/v1/source-connections/bf7a8f69-95f6-40e3-a896-aa5c9159a49e","status":409,"duration_ms":4}
{"event":"http.request","request_id":"f469b10e-310d-4269-bb41-51fe521df0b3","method":"POST","path":"/api/v1/source-connections/bf7a8f69-95f6-40e3-a896-aa5c9159a49e/verify","status":202,"duration_ms":5}
{"event":"http.request","request_id":"20e70203-2b30-49b7-8019-b2716019c191","method":"GET","path":"/api/v1/source-connections/bf7a8f69-95f6-40e3-a896-aa5c9159a49e","status":200,"duration_ms":1}
✔ 配置版本冲突拒绝覆盖；禁用时手动刷新受守卫，验证入口可用 (31.392209ms)
{"event":"http.request","request_id":"064eaf08-1d26-4d0b-8422-ae7ebc6499fb","method":"POST","path":"/api/v1/source-connections","status":201,"duration_ms":3}
{"event":"http.request","request_id":"f754fbd8-5f36-4678-a026-3769fd328686","method":"POST","path":"/api/v1/source-connections","status":201,"duration_ms":3}
{"event":"http.request","request_id":"c6332ddc-2e8d-478f-a25b-02793f341754","method":"POST","path":"/api/v1/source-connections/4ee7e448-4323-4329-b0a1-a2496ca89764/refresh","status":202,"duration_ms":4}
{"event":"http.request","request_id":"57c6497a-20bb-49d5-a47e-fd6815e7a78d","method":"GET","path":"/api/v1/source-connections/4ee7e448-4323-4329-b0a1-a2496ca89764","status":200,"duration_ms":1}
{"event":"http.request","request_id":"9eab4240-0947-458d-91a1-cbe6fdc8366f","method":"POST","path":"/api/v1/source-connections/4ee7e448-4323-4329-b0a1-a2496ca89764/refresh","status":409,"duration_ms":3}
{"event":"http.request","request_id":"5886cffe-b3a4-4f54-8856-58c9881323a2","method":"POST","path":"/api/v1/source-connections/debe3bfb-5aad-4002-a1fd-9772f316e065/refresh","status":202,"duration_ms":4}
{"event":"http.request","request_id":"d8646c5c-fcbd-4a4b-8c34-fc296fd5e5d2","method":"GET","path":"/api/v1/source-connections/debe3bfb-5aad-4002-a1fd-9772f316e065","status":200,"duration_ms":1}
{"event":"http.request","request_id":"9e3d7886-cb9a-4d91-8949-07d17ead5319","method":"POST","path":"/api/v1/source-connections/4ee7e448-4323-4329-b0a1-a2496ca89764/verify","status":202,"duration_ms":5}
{"event":"http.request","request_id":"fbf0423b-56fe-4855-a48e-659f4376da09","method":"GET","path":"/api/v1/source-connections/4ee7e448-4323-4329-b0a1-a2496ca89764","status":200,"duration_ms":1}
✔ 登录失效立即暂停且通知负责人；成功验证恢复，其他来源不受影响 (49.908542ms)
{"event":"http.request","request_id":"8a024ab5-a53a-4033-9516-08dd5ddef993","method":"POST","path":"/api/v1/source-connections","status":201,"duration_ms":6}
{"event":"http.request","request_id":"308bcc1a-3950-46b5-9370-c0e8ff2da4d9","method":"POST","path":"/api/v1/source-connections/0416f8c5-0bab-4e8c-a39f-5cc1ba074b79/refresh","status":202,"duration_ms":4}
{"event":"http.request","request_id":"ad4fa677-5bc9-4436-824d-34f741b4c99e","method":"POST","path":"/api/v1/source-connections/0416f8c5-0bab-4e8c-a39f-5cc1ba074b79/refresh","status":202,"duration_ms":4}
{"event":"http.request","request_id":"29112e23-ccb6-4d27-9f8c-731f1eea61bc","method":"POST","path":"/api/v1/source-connections/0416f8c5-0bab-4e8c-a39f-5cc1ba074b79/refresh","status":202,"duration_ms":4}
{"event":"http.request","request_id":"aa6d8210-38a6-40fd-9ba8-4fa087950180","method":"GET","path":"/api/v1/source-connections/0416f8c5-0bab-4e8c-a39f-5cc1ba074b79","status":200,"duration_ms":1}
{"event":"http.request","request_id":"528890f7-68c8-46d1-a8ee-d792475681b9","method":"POST","path":"/api/v1/source-connections","status":201,"duration_ms":3}
{"event":"http.request","request_id":"6d817508-b9d8-40c1-b5a1-271e651064af","method":"POST","path":"/api/v1/source-connections/c398554f-6388-431d-a5d2-b114e5459659/refresh","status":202,"duration_ms":4}
{"event":"http.request","request_id":"9116c98b-2e2f-48d0-8919-99c4e76e0caf","method":"GET","path":"/api/v1/source-connections/c398554f-6388-431d-a5d2-b114e5459659/runs","status":200,"duration_ms":1}
{"event":"http.request","request_id":"bbbdc2b0-247c-4f90-981d-df8ff184d1a8","method":"GET","path":"/api/v1/source-connections/c398554f-6388-431d-a5d2-b114e5459659","status":200,"duration_ms":1}
✔ 连续三次普通失败暂停；有界部分成功保留partial而非伪装成功 (59.761875ms)
{"event":"http.request","request_id":"b0720ac1-b4ce-4f19-83eb-af5c62649fd6","method":"POST","path":"/api/v1/source-connections","status":201,"duration_ms":4}
{"event":"http.request","request_id":"a48c0e9f-31af-4a83-9308-925396f445ef","method":"PATCH","path":"/api/v1/source-connections/7285ad07-6e77-4fce-ae5c-7104643a2d50","status":200,"duration_ms":4}
{"event":"http.request","request_id":"e83c805e-edad-4591-a385-872d76608cec","method":"GET","path":"/api/v1/source-connections/7285ad07-6e77-4fce-ae5c-7104643a2d50/runs","status":200,"duration_ms":2}
✔ 定时并发扫描同窗口只创建一次，窗口外不补写成功；改配置拒绝旧结果 (30.080458ms)
{"event":"http.request","request_id":"ad183ca6-1d50-474c-8668-95339a5679a0","method":"POST","path":"/api/v1/source-connections","status":201,"duration_ms":3}
{"event":"http.request","request_id":"ce733a61-a5ad-4b48-beba-766afe298560","method":"POST","path":"/api/v1/source-connections/d09f6303-e66e-4a0f-9b9d-b646e80f8046/refresh","status":202,"duration_ms":4}
{"event":"http.request","request_id":"74cd902f-1784-4c08-8c61-365dc8093bb3","method":"POST","path":"/api/v1/jobs/1745b40c-c761-430b-9181-b8c251d363a8/cancel","status":200,"duration_ms":3}
{"event":"http.request","request_id":"34392ae2-4744-4eb8-ba4d-649514f19c58","method":"GET","path":"/api/v1/source-connections/d09f6303-e66e-4a0f-9b9d-b646e80f8046/runs","status":200,"duration_ms":1}
{"event":"http.request","request_id":"93508212-53db-4da6-a9a0-569f4a5f2e2c","method":"PATCH","path":"/api/v1/source-connections/d09f6303-e66e-4a0f-9b9d-b646e80f8046","status":422,"duration_ms":3}
{"event":"http.request","request_id":"a024df05-75ce-40c6-b2be-987d20fabfb2","method":"POST","path":"/api/v1/source-connections","status":422,"duration_ms":2}
✔ 取消同步释放同源占用；来源连接按空间隔离；无效配置拒绝 (29.27325ms)
{"event":"http.request","request_id":"64c0ce3d-adc5-497e-8e77-b713153bcdf8","method":"POST","path":"/api/v1/source-connections","status":201,"duration_ms":6}
{"event":"http.request","request_id":"4d642e8e-ec51-4774-bfb5-9e740268d3f6","method":"POST","path":"/api/v1/source-connections","status":422,"duration_ms":3}
{"event":"http.request","request_id":"5713f77a-24b3-43d6-b912-a25bd8610c5a","method":"POST","path":"/api/v1/source-connections","status":422,"duration_ms":3}
{"event":"http.request","request_id":"4e86cbae-c646-4fcb-a0ef-29e5e9616ff3","method":"POST","path":"/api/v1/source-connections","status":422,"duration_ms":3}
{"event":"http.request","request_id":"413eeb76-a212-4883-8ef7-5e04afe21cc9","method":"POST","path":"/api/v1/source-connections","status":422,"duration_ms":3}
{"event":"http.request","request_id":"c84d3f03-cb81-4ec9-95d1-1a29bb4c6092","method":"POST","path":"/api/v1/source-connections","status":422,"duration_ms":3}
{"event":"http.request","request_id":"c856a104-f6cf-4396-9485-9ce90f623e28","method":"POST","path":"/api/v1/source-connections","status":201,"duration_ms":4}
{"event":"http.request","request_id":"ee09ef8a-7f16-47c8-a327-fe92e4f7fd00","method":"PATCH","path":"/api/v1/source-connections/1f1e8f11-bc9d-4223-b113-dfac7358569a","status":422,"duration_ms":3}
✔ 参考账号配置只用于优质笔记，严格ID与数量检查，历史ID按配置保留 (29.761458ms)
{"event":"http.request","request_id":"04173e21-41e0-4a7b-82da-7794fdbdc068","method":"GET","path":"/api/v1/auth/csrf","status":200,"duration_ms":5}
{"event":"http.request","request_id":"50e66c10-0564-4b1d-ba99-172aacd13dbc","method":"POST","path":"/api/v1/setup","status":201,"duration_ms":35}
{"event":"http.request","request_id":"1a6b77f9-7e9c-4168-959b-f6feff4ce193","method":"GET","path":"/api/v1/auth/csrf","status":200,"duration_ms":1}
{"event":"http.request","request_id":"a3aa7ad5-6595-4b80-bd03-04944d9986e0","method":"POST","path":"/api/v1/auth/login","status":200,"duration_ms":24}
{"event":"http.request","request_id":"8244ec6f-8c4c-4ba4-8f21-a8bd9431b736","method":"GET","path":"/api/v1/me","status":200,"duration_ms":83}
{"event":"http.request","request_id":"60dd3e50-2fae-4d25-aaea-7b7692ac1a67","method":"POST","path":"/api/v1/accounts","status":201,"duration_ms":10}
{"event":"http.request","request_id":"8c124a27-645d-4a40-8ece-f52366ac4308","method":"GET","path":"/api/v1/dashboard","status":200,"duration_ms":10}
{"event":"http.request","request_id":"e2073af6-d01f-49d5-a1b1-0f95dbf29e47","method":"GET","path":"/api/v1/dashboard","status":422,"duration_ms":3}
✔ 工作台真空态没有指标趋势或假任务，未知/禁用能力来自实际配置 (396.726209ms)
{"event":"http.request","request_id":"985a2bec-cc14-4223-a930-88a1a1505599","method":"POST","path":"/api/v1/publications","status":201,"duration_ms":9}
{"event":"http.request","request_id":"24525d61-7ad7-47c7-8021-0d03278258bd","method":"POST","path":"/api/v1/imports","status":202,"duration_ms":7}
{"event":"http.request","request_id":"8938af15-b0e2-4290-a90e-77b63462afad","method":"POST","path":"/api/v1/source-connections","status":201,"duration_ms":6}
{"event":"http.request","request_id":"e8dcf2e8-a7c2-4d13-b2ee-e201b564b193","method":"POST","path":"/api/v1/feedback","status":201,"duration_ms":6}
{"event":"http.request","request_id":"6e561c31-16e8-4f3b-b0a3-db3dac961de1","method":"GET","path":"/api/v1/dashboard","status":200,"duration_ms":3}
{"event":"http.request","request_id":"243d9b61-e8a1-4a75-a81e-c1990dd310c6","method":"GET","path":"/api/v1/imports/fd6110f0-b80b-4fb1-8245-63a0bd04dfe2/rows","status":200,"duration_ms":2}
{"event":"http.request","request_id":"f4093a8f-2f85-4ee9-8e39-185749441f96","method":"POST","path":"/api/v1/imports/fd6110f0-b80b-4fb1-8245-63a0bd04dfe2/confirm","status":200,"duration_ms":9}
{"event":"http.request","request_id":"d5a0b577-2b75-44ba-a193-9e700905a20e","method":"GET","path":"/api/v1/dashboard","status":200,"duration_ms":3}
✔ 真实待确认/来源异常/缺数据最多三项可直达，已确认历史值溯源不冒充实时 (75.595042ms)
{"event":"http.request","request_id":"880d7524-5584-4b36-b28f-831b65e29721","method":"POST","path":"/api/v1/members","status":201,"duration_ms":23}
{"event":"http.request","request_id":"25911999-909e-4ae4-b75b-be7913b64111","method":"GET","path":"/api/v1/auth/csrf","status":200,"duration_ms":1}
{"event":"http.request","request_id":"3066c8a7-b8aa-45f3-97da-d7aa3b868c3d","method":"POST","path":"/api/v1/auth/accept-invite","status":200,"duration_ms":19}
{"event":"http.request","request_id":"206b40b4-bedf-41ba-91a7-4df39f8db626","method":"GET","path":"/api/v1/auth/csrf","status":200,"duration_ms":1}
{"event":"http.request","request_id":"aef9cef3-cdb0-4a00-937c-d7618f51d6f9","method":"POST","path":"/api/v1/auth/login","status":200,"duration_ms":18}
{"event":"http.request","request_id":"fcba99e7-b725-4d59-9fb5-7157744a416b","method":"GET","path":"/api/v1/dashboard","status":200,"duration_ms":3}
{"event":"http.request","request_id":"89147b0c-fe97-4972-9307-eea5193ba10b","method":"GET","path":"/api/v1/dashboard","status":404,"duration_ms":2}
{"event":"http.request","request_id":"a012e18d-fda1-4968-b291-fab0adbb7fe3","method":"GET","path":"/api/v1/dashboard","status":422,"duration_ms":1}
✔ 跨账号工作台不泄漏指标与反馈/导入任务，非法或不可见深链拒绝 (74.914875ms)
{"event":"http.request","request_id":"d7df70a6-0c68-4e10-91fb-2aa3a58f6c57","method":"GET","path":"/api/v1/auth/csrf","status":200,"duration_ms":5}
{"event":"http.request","request_id":"5cb664c3-4fcc-41d0-ba32-8f284a0ce566","method":"POST","path":"/api/v1/setup","status":201,"duration_ms":32}
{"event":"http.request","request_id":"6f7397a8-7547-4cfe-9f8f-668d31affa12","method":"GET","path":"/api/v1/auth/csrf","status":200,"duration_ms":1}
{"event":"http.request","request_id":"c3cc649f-d464-497a-8ba0-86656937db51","method":"POST","path":"/api/v1/auth/login","status":200,"duration_ms":24}
{"event":"http.request","request_id":"ec8a33b8-92ef-4b81-a7f2-288fca1c1b31","method":"GET","path":"/api/v1/me","status":200,"duration_ms":82}
{"event":"http.request","request_id":"ae76920d-a17a-4097-aa1d-4ef1778a1f68","method":"POST","path":"/api/v1/accounts","status":201,"duration_ms":9}
{"event":"http.request","request_id":"7c4f20ed-3c72-445e-92cc-dfd937487ff9","method":"POST","path":"/api/v1/publications","status":201,"duration_ms":6}
{"event":"http.request","request_id":"011d19e7-c3ae-44fe-a35a-d494d165536a","method":"POST","path":"/api/v1/feedback","status":201,"duration_ms":6}
{"event":"http.request","request_id":"5e2a35fa-6278-4868-b27c-6996d71eaee7","method":"POST","path":"/api/v1/feedback","status":201,"duration_ms":5}
{"event":"http.request","request_id":"d86cf38b-846f-4011-a0b1-6a27b7b4daea","method":"POST","path":"/api/v1/feedback","status":422,"duration_ms":4}
{"event":"http.request","request_id":"c7c13ad3-aeaf-4637-b84a-af7df76f7710","method":"POST","path":"/api/v1/feedback","status":422,"duration_ms":4}
{"event":"http.request","request_id":"97169209-bb92-4c81-a800-2c89b3d8f9ef","method":"POST","path":"/api/v1/feedback","status":422,"duration_ms":4}
{"event":"http.request","request_id":"da320f65-5861-4a63-9682-1293b4d9eaff","method":"POST","path":"/api/v1/accounts","status":201,"duration_ms":5}
{"event":"http.request","request_id":"b77ec3bb-d61e-4d5a-a7f4-3dfc777a5c93","method":"POST","path":"/api/v1/feedback","status":422,"duration_ms":3}
{"event":"http.request","request_id":"16f61175-0d25-4f8f-aeea-82456ff18a5e","method":"POST","path":"/api/v1/feedback","status":201,"duration_ms":4}
{"event":"http.request","request_id":"9e3e772d-9d0b-4ddc-a5f1-060453138547","method":"PATCH","path":"/api/v1/feedback/b520d670-29ca-4c7d-a59a-5bed40c3359a","status":200,"duration_ms":5}
{"event":"http.request","request_id":"a9e4b708-de8a-45de-b68c-daa712b7ae58","method":"PATCH","path":"/api/v1/feedback/b520d670-29ca-4c7d-a59a-5bed40c3359a","status":409,"duration_ms":3}
{"event":"http.request","request_id":"16657b3b-144c-4be6-90cb-c4c0b3fbe036","method":"GET","path":"/api/v1/feedback/c50fc1ea-4961-42cf-bf72-7276ccbea82e","status":404,"duration_ms":1}
{"event":"http.request","request_id":"29a553e2-74c1-417a-8557-defc7f71d084","method":"POST","path":"/api/v1/feedback","status":403,"duration_ms":2}
✔ 人工反馈幂等/版本/笔记账号/安全链接与权限，未知许可不能保存公开故事 (431.353834ms)
{"event":"http.request","request_id":"9e481bcc-df33-42e4-8b5e-4cf908cab378","method":"POST","path":"/api/v1/feedback","status":201,"duration_ms":4}
{"event":"http.request","request_id":"c34250dc-0e33-4afb-a2f4-a13b7c339f84","method":"POST","path":"/api/v1/feedback/b656d7d3-19a1-4fac-8136-59be71f70a7d/organize","status":202,"duration_ms":7}
{"event":"http.request","request_id":"5206e267-cdde-4dca-989f-7bdb677245ac","method":"GET","path":"/api/v1/feedback/b656d7d3-19a1-4fac-8136-59be71f70a7d","status":200,"duration_ms":1}
{"event":"http.request","request_id":"5f2c0a48-fb53-4f19-bba3-da59eeae8150","method":"POST","path":"/api/v1/feedback","status":201,"duration_ms":4}
{"event":"http.request","request_id":"efe8c524-1ec8-43b3-935d-2f0371779346","method":"POST","path":"/api/v1/feedback/79aba41e-edbb-444b-a069-6184de7e8674/organize","status":202,"duration_ms":5}
{"event":"http.request","request_id":"3250c0e3-474c-463f-9eb3-7a714383d7b9","method":"GET","path":"/api/v1/feedback/79aba41e-edbb-444b-a069-6184de7e8674","status":200,"duration_ms":1}
{"event":"http.request","request_id":"15cbe336-7bee-423b-b613-e79911cd24f6","method":"POST","path":"/api/v1/feedback","status":201,"duration_ms":4}
{"event":"http.request","request_id":"ca23a25e-4c06-4a37-bdc3-f37e9944be87","method":"POST","path":"/api/v1/feedback/38612aad-eddd-4281-b614-6818574f7d97/organize","status":202,"duration_ms":6}
{"event":"http.request","request_id":"f4ea55a3-9188-440e-bf63-a7764f13327a","method":"GET","path":"/api/v1/feedback/38612aad-eddd-4281-b614-6818574f7d97","status":200,"duration_ms":1}
{"event":"http.request","request_id":"eb206e98-118e-4cab-ba2f-59677392618f","method":"PATCH","path":"/api/v1/feedback/38612aad-eddd-4281-b614-6818574f7d97","status":200,"duration_ms":4}
{"event":"http.request","request_id":"7174383a-d3bf-4265-a7ac-535c18834aa0","method":"POST","path":"/api/v1/feedback/38612aad-eddd-4281-b614-6818574f7d97/organize","status":202,"duration_ms":5}
{"event":"http.request","request_id":"dead1f8d-df13-45cd-9ac4-2983de419343","method":"GET","path":"/api/v1/feedback/38612aad-eddd-4281-b614-6818574f7d97","status":200,"duration_ms":1}
{"event":"http.request","request_id":"492d9881-78af-4b45-91a7-46dbbbf69fbc","method":"PATCH","path":"/api/v1/feedback/38612aad-eddd-4281-b614-6818574f7d97","status":200,"duration_ms":5}
{"event":"http.request","request_id":"c1c070db-7a72-4b6d-9f31-49b0aa63bd26","method":"POST","path":"/api/v1/feedback/38612aad-eddd-4281-b614-6818574f7d97/organize","status":409,"duration_ms":3}
{"event":"http.request","request_id":"28e4f487-0025-45e4-94e2-79b4de0ed37b","method":"POST","path":"/api/v1/feedback/38612aad-eddd-4281-b614-6818574f7d97/send","status":404,"duration_ms":1}
✔ 未知与仅内部只分类，公开草案/选题用途分别授权；撤回清空且不能新整理，无发送端点 (110.626375ms)
{"event":"http.request","request_id":"872c5eab-5050-4e0e-adc3-9a12920b118c","method":"POST","path":"/api/v1/feedback","status":201,"duration_ms":4}
{"event":"http.request","request_id":"dc3730bc-105d-4483-9ca3-91290d57e4c9","method":"POST","path":"/api/v1/feedback/2a32fd5e-2129-40ba-a112-a25dc217abc1/organize","status":202,"duration_ms":5}
{"event":"http.request","request_id":"2363e068-e087-4156-b53b-e53a0f7543db","method":"GET","path":"/api/v1/jobs/36bc3300-338b-4004-b5fe-ad361ca75c2f","status":200,"duration_ms":2}
{"event":"http.request","request_id":"989ec825-60a3-49f0-82bc-76da19f2a255","method":"GET","path":"/api/v1/feedback/2a32fd5e-2129-40ba-a112-a25dc217abc1","status":200,"duration_ms":1}
{"event":"http.request","request_id":"6e497561-6a56-44a4-b125-32b1c9a2250f","method":"GET","path":"/api/v1/feedback/2a32fd5e-2129-40ba-a112-a25dc217abc1","status":200,"duration_ms":1}
✔ 未知许可注入/伪造引文拒绝并记录修复用量；数据库再次保护撤回引用 (27.051417ms)
{"event":"http.request","request_id":"c0a532b1-97a0-401a-80c0-7b50d13dde73","method":"POST","path":"/api/v1/feedback","status":201,"duration_ms":4}
{"event":"http.request","request_id":"bf1ac9ac-d50d-4f27-b28c-33c828a09d43","method":"POST","path":"/api/v1/feedback/5fabb7a3-d7ce-4c50-99fe-9fb4acea850f/organize","status":202,"duration_ms":5}
{"event":"http.request","request_id":"e7c9f17d-5e96-41d6-996d-8f12efb2f1b9","method":"PATCH","path":"/api/v1/feedback/5fabb7a3-d7ce-4c50-99fe-9fb4acea850f","status":200,"duration_ms":5}
{"event":"http.request","request_id":"d3fea8f9-279b-4abe-8b1a-eb41b5d40a18","method":"GET","path":"/api/v1/feedback/5fabb7a3-d7ce-4c50-99fe-9fb4acea850f","status":200,"duration_ms":2}
{"event":"http.request","request_id":"5c61299f-5dbb-4d52-8e24-6c66d5703cfb","method":"POST","path":"/api/v1/feedback","status":201,"duration_ms":4}
{"event":"http.request","request_id":"90823a16-dd83-4c46-b35d-c1e70db68ea5","method":"POST","path":"/api/v1/feedback/06e73145-6d8b-4098-96d7-c60dabd28af3/organize","status":202,"duration_ms":5}
{"event":"http.request","request_id":"c9922a3d-d65e-41bc-a3fb-9463230bd99e","method":"GET","path":"/api/v1/feedback/06e73145-6d8b-4098-96d7-c60dabd28af3","status":200,"duration_ms":2}
{"event":"http.request","request_id":"ba97c0dd-7e46-4c3b-a647-59ae15a50bb6","method":"POST","path":"/api/v1/feedback","status":201,"duration_ms":4}
{"event":"http.request","request_id":"c5edbaea-f5fe-4404-b840-cad260ce5cf5","method":"POST","path":"/api/v1/feedback/c676a9af-123a-4595-8bc4-5be30c3a586c/organize","status":202,"duration_ms":5}
{"event":"http.request","request_id":"4712815c-5051-4da1-97da-a899d9e93cdc","method":"GET","path":"/api/v1/feedback/c676a9af-123a-4595-8bc4-5be30c3a586c","status":200,"duration_ms":1}
{"event":"http.request","request_id":"437a1c89-c3dd-4d89-a0d0-5611dd85f153","method":"POST","path":"/api/v1/feedback","status":201,"duration_ms":3}
{"event":"http.request","request_id":"dc4cae52-a6ae-4421-bf36-6bc932833f05","method":"POST","path":"/api/v1/feedback/be279dc4-3b85-42c0-b6f1-e014bb8bb1ea/organize","status":202,"duration_ms":5}
{"event":"http.request","request_id":"636f3838-010b-4e40-b83c-e0826ca7f022","method":"POST","path":"/api/v1/jobs/825ff907-9920-4cbf-8d70-a66e66a1f6aa/cancel","status":200,"duration_ms":4}
{"event":"http.request","request_id":"8323e772-6d4c-4369-8dd4-0b2dedbcec5c","method":"GET","path":"/api/v1/jobs/825ff907-9920-4cbf-8d70-a66e66a1f6aa","status":200,"duration_ms":1}
{"event":"http.request","request_id":"a521b4bc-14c6-453d-b957-94dac05dc709","method":"GET","path":"/api/v1/feedback/be279dc4-3b85-42c0-b6f1-e014bb8bb1ea","status":200,"duration_ms":2}
✔ 许可撤回、账号版本和成员角色在生成后提交前变化均拒绝，取消不应用草案 (83.771375ms)
✔ 许可输出守卫拒绝超用途引用，许可内引用必须逐字来自原文 (0.1375ms)
{"event":"http.request","request_id":"febef092-8a3b-4f81-a6d5-2c7d26df7d81","method":"POST","path":"/api/v1/feedback","status":201,"duration_ms":4}
{"event":"http.request","request_id":"dbd183b2-5a0e-4b8f-a9da-85e45d676cb0","method":"PATCH","path":"/api/v1/feedback/4be686d3-e63d-486c-b73a-f1d1ee4446a4","status":200,"duration_ms":5}
{"event":"http.request","request_id":"4ba2e733-d46c-46b3-8408-db716b7ba939","method":"POST","path":"/api/v1/feedback","status":201,"duration_ms":3}
✔ 许可撤回后旧成功幂等响应不能重新显示批准草案/引文 (12.202583ms)
{"event":"http.request","request_id":"d2345498-dd23-4cb2-8826-7684d080dd02","method":"GET","path":"/api/v1/auth/csrf","status":200,"duration_ms":6}
{"event":"http.request","request_id":"81bfdaf9-076e-4d16-a20e-fdbcd7663beb","method":"POST","path":"/api/v1/setup","status":201,"duration_ms":36}
{"event":"http.request","request_id":"f10fd045-6570-4553-a077-c67830be472f","method":"GET","path":"/api/v1/auth/csrf","status":200,"duration_ms":2}
{"event":"http.request","request_id":"13e37c0d-32e3-40a3-85e6-83c501c3d842","method":"POST","path":"/api/v1/auth/login","status":200,"duration_ms":26}
{"event":"http.request","request_id":"81c80ae4-3abe-4869-97b5-7b45ef966e2a","method":"GET","path":"/api/v1/me","status":200,"duration_ms":85}
{"event":"http.request","request_id":"d256bbba-cf84-4180-a4ac-cd51d76362aa","method":"POST","path":"/api/v1/accounts","status":201,"duration_ms":10}
{"event":"http.request","request_id":"4f147cdf-c3a9-47a5-8432-3069907cbd3f","method":"POST","path":"/api/v1/uploads","status":201,"duration_ms":14}
{"event":"http.request","request_id":"5345e9b0-4145-4cc5-9b79-cc0afe7c6b16","method":"POST","path":"/api/v1/uploads/b7f965c0-d9ff-4829-aca9-198b446ffa50/parts","status":200,"duration_ms":7}
{"event":"http.request","request_id":"3e7df9cd-762b-4c9f-baf2-6f4cbf9b93e8","method":"PUT","path":"/api/v1/uploads/b7f965c0-d9ff-4829-aca9-198b446ffa50/parts/1","status":200,"duration_ms":8}
{"event":"http.request","request_id":"28b21a1f-0e54-4c09-9763-331198544cf7","method":"POST","path":"/api/v1/uploads/b7f965c0-d9ff-4829-aca9-198b446ffa50/complete","status":200,"duration_ms":11}
{"event":"http.request","request_id":"c9c329df-3908-4719-8d17-633eb319dafd","method":"GET","path":"/api/v1/files/5e1bcacc-7612-4b4c-87b1-d13746541493/download","status":409,"duration_ms":3}
{"event":"http.request","request_id":"fbe198f6-01ea-4e64-b067-532caad9b351","method":"GET","path":"/api/v1/files/5e1bcacc-7612-4b4c-87b1-d13746541493/download","status":200,"duration_ms":3}
{"event":"http.request","request_id":"05e52f5d-373c-4e9c-a7e5-5427d5e758b1","method":"GET","path":"/api/v1/files/5e1bcacc-7612-4b4c-87b1-d13746541493/preview","status":200,"duration_ms":3}
{"event":"http.request","request_id":"a3b82b68-4447-4e27-bfe1-341cae906337","method":"POST","path":"/api/v1/uploads","status":201,"duration_ms":6}
{"event":"http.request","request_id":"5d140136-1f89-4999-acaf-6e7b8f47a12c","method":"POST","path":"/api/v1/uploads/8a8646e0-3309-4798-9f6b-2456cb81be24/parts","status":200,"duration_ms":4}
{"event":"http.request","request_id":"56f06ec6-0000-4aca-b0c4-67ed681d88e7","method":"PUT","path":"/api/v1/uploads/8a8646e0-3309-4798-9f6b-2456cb81be24/parts/1","status":200,"duration_ms":6}
{"event":"http.request","request_id":"459988c5-4dfd-47af-ad12-ffb04bcfe389","method":"POST","path":"/api/v1/uploads/8a8646e0-3309-4798-9f6b-2456cb81be24/complete","status":200,"duration_ms":10}
{"event":"http.request","request_id":"07424a3c-682a-47d8-b4ce-491056cccc95","method":"GET","path":"/api/v1/files/30911868-b8ae-410e-90ff-dfaec8c34b80/download","status":200,"duration_ms":3}
{"event":"http.request","request_id":"b8c54141-3a7d-44b3-803e-0ccb488f25e4","method":"GET","path":"/api/v1/files/30911868-b8ae-410e-90ff-dfaec8c34b80/preview","status":409,"duration_ms":4}
{"event":"http.request","request_id":"689224ba-3b88-451b-87eb-b70add455612","method":"POST","path":"/api/v1/uploads","status":201,"duration_ms":6}
{"event":"http.request","request_id":"6eee9737-af2d-4512-8589-6b4d0c15e235","method":"POST","path":"/api/v1/uploads/d3e62a07-13de-42cb-806d-b3dcc93d0296/parts","status":200,"duration_ms":4}
{"event":"http.request","request_id":"ffce71de-9c3a-4ab3-8768-bc4dc6e4ee18","method":"PUT","path":"/api/v1/uploads/d3e62a07-13de-42cb-806d-b3dcc93d0296/parts/1","status":200,"duration_ms":5}
{"event":"http.request","request_id":"3ca1b52d-91b8-41da-8b5e-85369f4f582a","method":"POST","path":"/api/v1/uploads/d3e62a07-13de-42cb-806d-b3dcc93d0296/complete","status":200,"duration_ms":8}
{"event":"http.request","request_id":"3d4cf610-9574-4d77-859e-ca3dc35f490b","method":"GET","path":"/api/v1/files/706e3ab9-c8d6-4ba3-8b96-f5214b5917d0/download","status":200,"duration_ms":2}
{"event":"http.request","request_id":"4014b5b7-90d4-4522-9dc8-f18eba229b31","method":"GET","path":"/api/v1/files/706e3ab9-c8d6-4ba3-8b96-f5214b5917d0/preview","status":409,"duration_ms":1}
✔ 导入PNG/CSV/XLSX通过真实隔离解析，哈希原件/私有签名与表格禁预览保留 (684.003459ms)
{"event":"http.request","request_id":"0e8d2b8f-1e3e-48b4-9afa-fd948fc24af9","method":"GET","path":"/api/v1/auth/csrf","status":200,"duration_ms":1}
{"event":"http.request","request_id":"9af448e1-d56e-4414-a17c-7c83430b1a1d","method":"POST","path":"/api/v1/setup","status":201,"duration_ms":22}
{"event":"http.request","request_id":"04537a81-561d-40db-858f-c24cedd3bee5","method":"GET","path":"/api/v1/auth/csrf","status":200,"duration_ms":1}
{"event":"http.request","request_id":"fd18af2f-bf99-4b5c-b10b-6bcc30b1d03e","method":"POST","path":"/api/v1/auth/login","status":200,"duration_ms":21}
{"event":"http.request","request_id":"34306fac-6f89-4f1b-a34c-51cc3ce75579","method":"GET","path":"/api/v1/me","status":200,"duration_ms":11}
{"event":"http.request","request_id":"bb4639f4-366c-47ee-b52b-c811e3d9063a","method":"POST","path":"/api/v1/accounts","status":201,"duration_ms":6}
{"event":"http.request","request_id":"70a03124-498d-4140-bb86-016c6b67e15d","method":"POST","path":"/api/v1/uploads","status":201,"duration_ms":8}
{"event":"http.request","request_id":"fc05cbb6-c1f7-4d69-a127-3e39492fea35","method":"POST","path":"/api/v1/uploads/5eb5121e-c72f-4e9f-826c-fdae6a76e028/parts","status":200,"duration_ms":4}
{"event":"http.request","request_id":"338c8b8b-ad87-43c7-9f29-82c05996a1ef","method":"PUT","path":"/api/v1/uploads/5eb5121e-c72f-4e9f-826c-fdae6a76e028/parts/1","status":200,"duration_ms":4}
{"event":"http.request","request_id":"a61e82fc-c848-4f0d-8b50-b424a38b7a73","method":"POST","path":"/api/v1/uploads/5eb5121e-c72f-4e9f-826c-fdae6a76e028/complete","status":200,"duration_ms":10}
{"event":"http.request","request_id":"7bae5339-d40a-4c9f-bced-a52a7e4a48f5","method":"POST","path":"/api/v1/accounts","status":201,"duration_ms":4}
{"event":"http.request","request_id":"1a61403f-926c-491d-9abf-8cfb52fdabf4","method":"POST","path":"/api/v1/uploads","status":201,"duration_ms":5}
{"event":"http.request","request_id":"1c412bdf-2168-47d5-886d-d75e2fe12058","method":"POST","path":"/api/v1/uploads/0cd32ca5-66c2-464b-986b-6e0a769f9a47/parts","status":200,"duration_ms":4}
{"event":"http.request","request_id":"47a46634-c036-4bc2-a9f0-52d589d53aea","method":"PUT","path":"/api/v1/uploads/0cd32ca5-66c2-464b-986b-6e0a769f9a47/parts/1","status":200,"duration_ms":4}
{"event":"http.request","request_id":"4f5d6993-67c6-4350-b5ab-9760a802e5d2","method":"POST","path":"/api/v1/uploads/0cd32ca5-66c2-464b-986b-6e0a769f9a47/complete","status":200,"duration_ms":8}
{"event":"http.request","request_id":"26edd944-6245-4e91-99f9-ee86f8823bdd","method":"POST","path":"/api/v1/uploads","status":422,"duration_ms":3}
{"event":"http.request","request_id":"2a1acacf-9253-49cc-81da-e448d2c191d7","method":"POST","path":"/api/v1/uploads","status":422,"duration_ms":3}
{"event":"http.request","request_id":"99156239-008d-4d04-83f3-239b8ca277a7","method":"POST","path":"/api/v1/uploads","status":422,"duration_ms":4}
{"event":"http.request","request_id":"dcb5b2d9-379c-4d4a-bed3-12dc788888be","method":"POST","path":"/api/v1/uploads","status":422,"duration_ms":3}
{"event":"http.request","request_id":"200140e0-65f1-459e-a1bb-12a02610b069","method":"POST","path":"/api/v1/uploads","status":422,"duration_ms":3}
{"event":"http.request","request_id":"038e5d59-25d7-42a2-ac74-cafe22e3b2eb","method":"GET","path":"/api/v1/files/496514f6-147c-4326-bab5-db7916e294cc/download","status":403,"duration_ms":1}
{"event":"http.request","request_id":"d972cd8b-7f69-47b6-ae75-aeb506a72fe4","method":"GET","path":"/api/v1/files/496514f6-147c-4326-bab5-db7916e294cc/preview","status":200,"duration_ms":3}
{"event":"http.request","request_id":"2560ebc0-3e31-4e70-8056-ae6c512b83b6","method":"POST","path":"/api/v1/uploads","status":403,"duration_ms":2}
{"event":"http.request","request_id":"1cc6dbc4-98d8-4e3c-b216-37aacaab4058","method":"GET","path":"/api/v1/files/496514f6-147c-4326-bab5-db7916e294cc/download","status":403,"duration_ms":0}
{"event":"http.request","request_id":"f7655c1e-1ac0-4e6c-98c0-542a14b5607e","method":"GET","path":"/api/v1/files/496514f6-147c-4326-bab5-db7916e294cc/preview","status":200,"duration_ms":2}
{"event":"http.request","request_id":"b18681ab-16b6-4bc3-94b8-2936135973d8","method":"POST","path":"/api/v1/uploads","status":403,"duration_ms":3}
{"event":"http.request","request_id":"3a36ecd3-b390-49b3-9c41-300f0a9925de","method":"GET","path":"/api/v1/files/496514f6-147c-4326-bab5-db7916e294cc/preview","status":404,"duration_ms":2}
{"event":"http.request","request_id":"0263a663-c70f-425e-b39a-ad820daa9bc9","method":"GET","path":"/api/v1/files/496514f6-147c-4326-bab5-db7916e294cc/download","status":404,"duration_ms":2}
✔ 账号/目的隔离、角色矩阵、旧用途和旧文件ID拒绝，hash不跨账号复用 (264.396292ms)
{"event":"http.request","request_id":"1adbf30a-75bc-4551-8f33-633c05299429","method":"GET","path":"/api/v1/auth/csrf","status":200,"duration_ms":1}
{"event":"http.request","request_id":"f2cc35aa-038b-4a35-91f1-503f2aa8871a","method":"POST","path":"/api/v1/setup","status":201,"duration_ms":21}
{"event":"http.request","request_id":"5f85823a-a01e-4fc7-88b4-d89ba5a2bca4","method":"GET","path":"/api/v1/auth/csrf","status":200,"duration_ms":1}
{"event":"http.request","request_id":"deb91fc9-fe5e-463d-8229-3c0619b06a5b","method":"POST","path":"/api/v1/auth/login","status":200,"duration_ms":19}
{"event":"http.request","request_id":"bc538eb2-5e38-431d-93b4-3ddf8d6560da","method":"GET","path":"/api/v1/me","status":200,"duration_ms":8}
{"event":"http.request","request_id":"234af324-dbd8-4fde-bda8-991c56669c28","method":"POST","path":"/api/v1/accounts","status":201,"duration_ms":4}
{"event":"http.request","request_id":"d8b31c41-8e09-41cb-b064-e14753aa3af8","method":"POST","path":"/api/v1/uploads","status":201,"duration_ms":7}
{"event":"http.request","request_id":"d66bc4bf-c672-41e5-95dc-ba9a23e8ca00","method":"POST","path":"/api/v1/uploads/e75a6aa4-71e4-45de-9816-7241ed3a5885/parts","status":200,"duration_ms":4}
{"event":"http.request","request_id":"17a4a5c5-52ee-455d-9ae8-90c76987f779","method":"PUT","path":"/api/v1/uploads/e75a6aa4-71e4-45de-9816-7241ed3a5885/parts/1","status":200,"duration_ms":4}
{"event":"http.request","request_id":"1b6c00f6-ec6d-45cb-a998-dfbca046be35","method":"POST","path":"/api/v1/uploads/e75a6aa4-71e4-45de-9816-7241ed3a5885/complete","status":200,"duration_ms":8}
{"event":"http.request","request_id":"0139bedc-674c-4e4d-8e99-1c811fbb793f","method":"GET","path":"/api/v1/files/47e4c013-fcad-4790-b8f8-0871432bca2c/download","status":409,"duration_ms":2}
{"event":"http.request","request_id":"8b802eaa-98ea-425b-bc17-8f6eece6b311","method":"POST","path":"/api/v1/uploads","status":201,"duration_ms":5}
{"event":"http.request","request_id":"ffa3e978-487c-42f3-9541-b2bdfebeb9d8","method":"POST","path":"/api/v1/uploads/bcefd0ba-499a-49da-9daa-fd8012662706/parts","status":200,"duration_ms":4}
{"event":"http.request","request_id":"62a8dd51-58fb-4545-9988-61bc154dc6e4","method":"PUT","path":"/api/v1/uploads/bcefd0ba-499a-49da-9daa-fd8012662706/parts/1","status":200,"duration_ms":5}
{"event":"http.request","request_id":"1c341634-1be1-4492-b646-e595658c9dc4","method":"POST","path":"/api/v1/uploads/bcefd0ba-499a-49da-9daa-fd8012662706/complete","status":200,"duration_ms":8}
{"event":"http.request","request_id":"2c70c925-b425-4f60-829c-b898589e27bc","method":"GET","path":"/api/v1/files/801f38ca-8a6f-4692-9fab-ecdfb3793cb8/download","status":409,"duration_ms":2}
{"event":"http.request","request_id":"08033ff6-4c78-4f33-b1db-9c8976b6d83b","method":"POST","path":"/api/v1/uploads","status":201,"duration_ms":5}
{"event":"http.request","request_id":"102b928b-bdb6-41dd-a02d-60b50d124f93","method":"POST","path":"/api/v1/uploads/f4c70c1d-a13c-4777-b558-d5c211b8956e/parts","status":200,"duration_ms":4}
{"event":"http.request","request_id":"3b9f3ee9-9e75-45d7-adac-a3380ccdf227","method":"PUT","path":"/api/v1/uploads/f4c70c1d-a13c-4777-b558-d5c211b8956e/parts/1","status":200,"duration_ms":4}
{"event":"http.request","request_id":"f360efd1-3c67-4de5-ab8f-2496eb27069b","method":"POST","path":"/api/v1/uploads/f4c70c1d-a13c-4777-b558-d5c211b8956e/complete","status":200,"duration_ms":7}
{"event":"http.request","request_id":"a38695db-8308-4d85-ab77-ce688fed3eb7","method":"GET","path":"/api/v1/files/86c808e9-a4cb-4f27-9236-5a87c65441bb/download","status":409,"duration_ms":2}
{"event":"http.request","request_id":"85fea911-7007-44db-8e6c-8af6360d8874","method":"POST","path":"/api/v1/uploads","status":201,"duration_ms":5}
{"event":"http.request","request_id":"0cdb095e-a190-40a4-bea7-fe6d30d309d0","method":"POST","path":"/api/v1/uploads/af14868d-bc29-4396-803e-bcee3c723ae6/parts","status":200,"duration_ms":3}
{"event":"http.request","request_id":"7385c13c-1ce7-4370-a1ad-15097e0dccd7","method":"PUT","path":"/api/v1/uploads/af14868d-bc29-4396-803e-bcee3c723ae6/parts/1","status":200,"duration_ms":4}
{"event":"http.request","request_id":"97319487-58a1-4f0c-aa03-eda4fcaa57c7","method":"POST","path":"/api/v1/uploads/af14868d-bc29-4396-803e-bcee3c723ae6/complete","status":200,"duration_ms":8}
{"event":"http.request","request_id":"8b00d13a-c94a-4472-807e-7644e683b1b8","method":"GET","path":"/api/v1/files/3a7d9f0e-f381-4633-9fa9-f5ee4ad9db29/download","status":409,"duration_ms":2}
{"event":"http.request","request_id":"a367db5f-6046-4be5-a820-6d8b27054017","method":"POST","path":"/api/v1/uploads","status":422,"duration_ms":3}
{"event":"http.request","request_id":"085fdabf-aaa0-4f52-aba0-0d4780e132eb","method":"POST","path":"/api/v1/uploads","status":422,"duration_ms":3}
{"event":"http.request","request_id":"cd7771ba-3c23-49ee-8de4-b34f5c8f3673","method":"POST","path":"/api/v1/uploads","status":422,"duration_ms":2}
✔ 恶意PNG/公式CSV/宏或公式XLSX隔离，伪装/大小/MIME失败且不发签名 (344.169416ms)
{"event":"http.request","request_id":"9590c0b8-5eab-481d-8e73-213f2de99d99","method":"GET","path":"/api/v1/auth/csrf","status":200,"duration_ms":1}
{"event":"http.request","request_id":"6fa24806-9125-4a29-8c2a-2aa686b64ace","method":"POST","path":"/api/v1/setup","status":201,"duration_ms":23}
{"event":"http.request","request_id":"e640149f-0aa4-45b8-9a36-ed747a636b81","method":"GET","path":"/api/v1/auth/csrf","status":200,"duration_ms":0}
{"event":"http.request","request_id":"7ce6800c-1a2f-4703-ab8f-939b57eb7016","method":"POST","path":"/api/v1/auth/login","status":200,"duration_ms":21}
{"event":"http.request","request_id":"c71b10fe-c635-4c4c-af67-554c6918545c","method":"GET","path":"/api/v1/me","status":200,"duration_ms":9}
{"event":"http.request","request_id":"fd754d1c-3a95-4c07-a6a8-560f9b2a2be8","method":"POST","path":"/api/v1/accounts","status":201,"duration_ms":4}
{"event":"http.request","request_id":"8c13dd74-6e47-4174-8c67-dfa8d8919f0c","method":"POST","path":"/api/v1/uploads","status":201,"duration_ms":6}
{"event":"http.request","request_id":"062a0ed5-0168-4ba1-935e-eb101596ada5","method":"POST","path":"/api/v1/uploads/8557c526-6d61-4424-9d5b-80d7be302f72/parts","status":200,"duration_ms":4}
{"event":"http.request","request_id":"8b70cc7a-cd4d-4b1c-a9c7-77ef331e181d","method":"GET","path":"/api/v1/auth/csrf","status":200,"duration_ms":0}
{"event":"http.request","request_id":"8f7602ba-65c5-407c-be96-a43ecb8ccdba","method":"POST","path":"/api/v1/auth/login","status":200,"duration_ms":19}
{"event":"http.request","request_id":"17148c11-6b60-4bb6-b8bf-350d4b0c5c77","method":"PUT","path":"/api/v1/uploads/8557c526-6d61-4424-9d5b-80d7be302f72/parts/1","status":422,"duration_ms":3}
{"event":"http.request","request_id":"a9e46d96-bcb8-4b2c-a675-e9e5cc82ecda","method":"PUT","path":"/api/v1/uploads/8557c526-6d61-4424-9d5b-80d7be302f72/parts/1","status":200,"duration_ms":5}
{"event":"http.request","request_id":"e3b961e4-2f73-419e-ba85-97d6082544b1","method":"PUT","path":"/api/v1/uploads/8557c526-6d61-4424-9d5b-80d7be302f72/parts/1","status":200,"duration_ms":3}
{"event":"http.request","request_id":"20ac8667-d547-41b8-b844-51a5e3785a30","method":"GET","path":"/api/v1/uploads/8557c526-6d61-4424-9d5b-80d7be302f72","status":200,"duration_ms":2}
{"event":"http.request","request_id":"70c45d89-de0e-40af-ba93-a499204bd4d2","method":"POST","path":"/api/v1/uploads/8557c526-6d61-4424-9d5b-80d7be302f72/parts","status":409,"duration_ms":4}
{"event":"http.request","request_id":"f4ec876f-70c3-495e-af8b-60735cf5020b","method":"POST","path":"/api/v1/uploads/8557c526-6d61-4424-9d5b-80d7be302f72/complete","status":422,"duration_ms":3}
{"event":"http.request","request_id":"e0ddae9e-a64a-4fd1-bcb5-379ff98c1eff","method":"POST","path":"/api/v1/uploads/8557c526-6d61-4424-9d5b-80d7be302f72/complete","status":200,"duration_ms":8}
{"event":"http.request","request_id":"9609aedb-67f1-48a6-a445-9a0ab61ac601","method":"POST","path":"/api/v1/uploads/8557c526-6d61-4424-9d5b-80d7be302f72/complete","status":200,"duration_ms":4}
{"event":"http.request","request_id":"ca9eb0d6-2612-4d9a-a92d-1f43cb8a7e5b","method":"POST","path":"/api/v1/uploads","status":201,"duration_ms":5}
{"event":"http.request","request_id":"af3248b8-cea2-4f43-a76c-4ebf18916230","method":"POST","path":"/api/v1/uploads/47ede0e5-b6d1-44c2-b480-1e21402cc8ac/parts","status":200,"duration_ms":4}
{"event":"http.request","request_id":"52df6ac9-4220-4281-b04c-30c50dc0f162","method":"PUT","path":"/api/v1/uploads/47ede0e5-b6d1-44c2-b480-1e21402cc8ac/parts/1","status":200,"duration_ms":5}
{"event":"http.request","request_id":"118f11c6-e3a4-46dd-b070-b6e63039c1e5","method":"POST","path":"/api/v1/uploads/47ede0e5-b6d1-44c2-b480-1e21402cc8ac/complete","status":422,"duration_ms":6}
{"event":"http.request","request_id":"9b84a6a0-ee16-404f-a4e7-dba4ae1861b5","method":"POST","path":"/api/v1/uploads/47ede0e5-b6d1-44c2-b480-1e21402cc8ac/abort","status":200,"duration_ms":6}
{"event":"http.request","request_id":"829995c5-9642-49de-a5bc-666ba1eb166c","method":"POST","path":"/api/v1/uploads","status":201,"duration_ms":6}
{"event":"http.request","request_id":"d5f15e59-4df3-4d6a-953e-3dfc55104df9","method":"GET","path":"/api/v1/uploads/86fd7618-ea33-4984-b7bf-a1d60a99e38d","status":200,"duration_ms":2}
{"event":"http.request","request_id":"e0016e8b-e794-4d34-81ec-e10942be5e8b","method":"POST","path":"/api/v1/uploads","status":201,"duration_ms":5}
{"event":"http.request","request_id":"2be0156a-a214-4eff-b712-f41acba0daf9","method":"POST","path":"/api/v1/uploads/c908e47e-02c6-4805-b5f6-ffa112922540/abort","status":200,"duration_ms":6}
✔ 续传分片/登录恢复/幂等/校验/取消/过期保留，未完成文件不能下载 (229.217042ms)
{"event":"http.request","request_id":"93ea8cb9-5c58-43ba-9b3a-e86ddda05600","method":"GET","path":"/api/v1/auth/csrf","status":200,"duration_ms":1}
{"event":"http.request","request_id":"8c4cf798-814c-4b37-9cc1-221643f405b6","method":"POST","path":"/api/v1/setup","status":201,"duration_ms":21}
{"event":"http.request","request_id":"c9def0d9-daff-4171-b7ad-15dca06f70ab","method":"GET","path":"/api/v1/auth/csrf","status":200,"duration_ms":1}
{"event":"http.request","request_id":"7b7f0012-6365-4fb9-9b5b-b172c626e456","method":"POST","path":"/api/v1/auth/login","status":200,"duration_ms":19}
{"event":"http.request","request_id":"7a231bce-c9d7-4e9b-b6fe-49d91d493bfe","method":"GET","path":"/api/v1/me","status":200,"duration_ms":9}
{"event":"http.request","request_id":"047a664d-6467-48af-8369-7d0c77260602","method":"POST","path":"/api/v1/accounts","status":201,"duration_ms":4}
{"event":"http.request","request_id":"62c6a64b-99f6-4e28-87ac-9818c812c66d","method":"POST","path":"/api/v1/uploads","status":201,"duration_ms":7}
{"event":"http.request","request_id":"033e2d91-be7d-447c-b6e8-011b2bd4c187","method":"POST","path":"/api/v1/uploads/c6cf5870-9e44-422b-adb4-7b12f0175b15/parts","status":200,"duration_ms":4}
{"event":"http.request","request_id":"eca5d6c1-db9d-4af5-9f81-28be8f51d32b","method":"PUT","path":"/api/v1/uploads/c6cf5870-9e44-422b-adb4-7b12f0175b15/parts/1","status":200,"duration_ms":85}
{"event":"http.request","request_id":"93f741e0-d948-4dee-87f0-f41f953a819a","method":"POST","path":"/api/v1/uploads/c6cf5870-9e44-422b-adb4-7b12f0175b15/parts","status":200,"duration_ms":4}
{"event":"http.request","request_id":"df9c75c5-86f3-4e52-b82c-e87905f75564","method":"PUT","path":"/api/v1/uploads/c6cf5870-9e44-422b-adb4-7b12f0175b15/parts/2","status":200,"duration_ms":11}
{"event":"http.request","request_id":"c632e4cc-533b-47ef-bb1b-d8d99dade3ca","method":"POST","path":"/api/v1/uploads/c6cf5870-9e44-422b-adb4-7b12f0175b15/complete","status":200,"duration_ms":42}
{"event":"http.request","request_id":"a74758b9-ccc3-4567-8051-82f491b7c43e","method":"POST","path":"/api/v1/uploads","status":201,"duration_ms":6}
{"event":"http.request","request_id":"78bf32fc-f2d2-49e3-978a-273dfaa524d8","method":"POST","path":"/api/v1/uploads/93a828fc-8d37-4a24-a5bf-97a13b06409c/parts","status":200,"duration_ms":3}
{"event":"http.request","request_id":"c38a17cb-21c8-4b38-97eb-ecebceb2b589","method":"PUT","path":"/api/v1/uploads/93a828fc-8d37-4a24-a5bf-97a13b06409c/parts/1","status":200,"duration_ms":93}
{"event":"http.request","request_id":"429ad92f-f994-453d-89b8-cbe2308f75d6","method":"POST","path":"/api/v1/uploads/93a828fc-8d37-4a24-a5bf-97a13b06409c/parts","status":200,"duration_ms":4}
{"event":"http.request","request_id":"e62fede7-6412-42e8-83ab-a8b9d487e431","method":"PUT","path":"/api/v1/uploads/93a828fc-8d37-4a24-a5bf-97a13b06409c/parts/2","status":200,"duration_ms":11}
{"event":"http.request","request_id":"0ad3907a-ba82-4f1c-a3cb-7bd121bbaf9d","method":"POST","path":"/api/v1/uploads/93a828fc-8d37-4a24-a5bf-97a13b06409c/complete","status":200,"duration_ms":42}
{"event":"http.request","request_id":"d49ede09-a3ba-422f-8656-162689799c7b","method":"GET","path":"/api/v1/files/d32c9354-f9ed-4d4d-817b-47cfa676361b/download","status":200,"duration_ms":21}
{"event":"http.request","request_id":"7795e57a-f7ef-45cf-9b31-d05a048c2490","method":"POST","path":"/api/v1/uploads","status":201,"duration_ms":7}
{"event":"http.request","request_id":"648bd558-c284-4479-9f17-6e4457f735a6","method":"POST","path":"/api/v1/uploads/45684108-dd0d-41f2-946e-d95618d12135/parts","status":200,"duration_ms":3}
{"event":"http.request","request_id":"d0777447-cc2a-407c-b0ea-26cd8fa270a4","method":"PUT","path":"/api/v1/uploads/45684108-dd0d-41f2-946e-d95618d12135/parts/1","status":200,"duration_ms":4}
{"event":"http.request","request_id":"dd6ab834-01db-4eea-a133-107b16741a47","method":"POST","path":"/api/v1/uploads/45684108-dd0d-41f2-946e-d95618d12135/complete","status":200,"duration_ms":8}
{"event":"http.request","request_id":"3e3b562c-2d56-4c62-9f71-acbb6491c076","method":"GET","path":"/api/v1/files/fcf022cb-2bba-49e3-a6e9-cbb5b5a66518/preview","status":409,"duration_ms":2}
✔ 两分片CSV续传与同目的去重、撤销权限阻止解析提交 (675.290625ms)
✔ 导入沙箱实际拒绝网络和凭据读取，允许工作目录且强制资源限制 (217.192ms)
{"event":"http.request","request_id":"f4a3ac0d-c94f-4e3e-86d7-3c17470ab854","method":"GET","path":"/api/v1/auth/csrf","status":200,"duration_ms":4}
{"event":"http.request","request_id":"6f4649ae-4775-4e38-bf12-b43ab7011d63","method":"POST","path":"/api/v1/setup","status":201,"duration_ms":26}
{"event":"http.request","request_id":"4b0aa450-cf5d-487e-8160-7fa0ac7321d4","method":"GET","path":"/api/v1/auth/csrf","status":200,"duration_ms":1}
{"event":"http.request","request_id":"ed654475-8636-4e9e-86a3-e09afd97a087","method":"POST","path":"/api/v1/auth/login","status":200,"duration_ms":19}
{"event":"http.request","request_id":"18e01aa9-213e-4dda-a1cb-3308ef0653bd","method":"GET","path":"/api/v1/me","status":200,"duration_ms":77}
{"event":"http.request","request_id":"395a0949-bfb3-4cba-891b-5392aae8d4c6","method":"POST","path":"/api/v1/accounts","status":201,"duration_ms":10}
{"event":"http.request","request_id":"3135faa4-e979-489e-877a-2356a2ce5bb1","method":"POST","path":"/api/v1/publications","status":201,"duration_ms":8}
{"event":"http.request","request_id":"79b5457a-2c0b-49e3-a941-0b1033f6b8c2","method":"GET","path":"/api/v1/imports/template","status":200,"duration_ms":2}
{"event":"http.request","request_id":"3a1ed61f-06bf-4f92-a85b-bb38e88c99f1","method":"POST","path":"/api/v1/uploads","status":201,"duration_ms":17}
{"event":"http.request","request_id":"42b1612a-50a9-4ca4-afbe-eab263d62c9d","method":"POST","path":"/api/v1/uploads/a3210a19-213b-45c0-889a-20c6d35f04fd/parts","status":200,"duration_ms":5}
{"event":"http.request","request_id":"48999233-85a5-4e4a-9476-39edcde7fa08","method":"PUT","path":"/api/v1/uploads/a3210a19-213b-45c0-889a-20c6d35f04fd/parts/1","status":200,"duration_ms":8}
{"event":"http.request","request_id":"f43203a9-fee6-4539-858c-455b8607d6ed","method":"POST","path":"/api/v1/uploads/a3210a19-213b-45c0-889a-20c6d35f04fd/complete","status":200,"duration_ms":12}
{"event":"http.request","request_id":"41363d60-e9e3-4248-bf6f-5341756202fd","method":"POST","path":"/api/v1/imports","status":202,"duration_ms":6}
{"event":"http.request","request_id":"7ddc583a-b6c7-48c3-90d0-7d400549e059","method":"GET","path":"/api/v1/imports/97bbda65-74db-46f4-9751-889dbad2244c/rows","status":200,"duration_ms":2}
{"event":"http.request","request_id":"4187401e-727f-41ec-bc31-a064c1b41c74","method":"PATCH","path":"/api/v1/import-rows/375dabf8-6015-44c5-9049-8dd5f52bb888","status":422,"duration_ms":5}
{"event":"http.request","request_id":"965ecd3f-979e-4c34-bc86-deb06187150e","method":"GET","path":"/api/v1/imports/template","status":200,"duration_ms":1}
{"event":"http.request","request_id":"323774f4-b9eb-48d2-a7a0-77882c3bc953","method":"POST","path":"/api/v1/uploads","status":201,"duration_ms":6}
{"event":"http.request","request_id":"a6445982-a3ce-49b4-a38f-b9f952960517","method":"POST","path":"/api/v1/uploads/76f7cf52-15c6-442d-9d07-db5d53c9c077/parts","status":200,"duration_ms":4}
{"event":"http.request","request_id":"aa92acf4-271f-471e-aa2a-c5d50a6e2f59","method":"PUT","path":"/api/v1/uploads/76f7cf52-15c6-442d-9d07-db5d53c9c077/parts/1","status":200,"duration_ms":6}
{"event":"http.request","request_id":"c1bc6c7a-7ffe-4214-a05e-adbe6dfc87df","method":"POST","path":"/api/v1/uploads/76f7cf52-15c6-442d-9d07-db5d53c9c077/complete","status":200,"duration_ms":8}
{"event":"http.request","request_id":"82a42d02-8804-4154-8e81-95f87c6f448d","method":"POST","path":"/api/v1/imports","status":202,"duration_ms":5}
{"event":"http.request","request_id":"255a3cbf-de18-470c-81d1-57a615d208ec","method":"GET","path":"/api/v1/imports/084417aa-841f-49bd-888b-4b6b265d2809/rows","status":200,"duration_ms":2}
{"event":"http.request","request_id":"06a040ef-9680-4561-b443-8d3a14bf3218","method":"PATCH","path":"/api/v1/import-rows/ab68e5ac-3e35-46fd-9a7d-a209f94a738f","status":422,"duration_ms":4}
✔ 模板含中文说明，CSV/XLSX在实际隔离解析器提取，示例永久不可确认 (616.787333ms)
{"event":"http.request","request_id":"53c2ddb1-0742-4846-956c-c56df46555e2","method":"POST","path":"/api/v1/uploads","status":201,"duration_ms":6}
{"event":"http.request","request_id":"ab29a30a-e173-42de-af45-352e5193f946","method":"POST","path":"/api/v1/uploads/9d54b0b2-d161-449e-bf96-1744dbc156a8/parts","status":200,"duration_ms":4}
{"event":"http.request","request_id":"06f1053f-14e0-4da1-88c7-17f844f0cc0f","method":"PUT","path":"/api/v1/uploads/9d54b0b2-d161-449e-bf96-1744dbc156a8/parts/1","status":200,"duration_ms":6}
{"event":"http.request","request_id":"ec4023a7-e336-464e-8bc2-cecc5f8828d3","method":"POST","path":"/api/v1/uploads/9d54b0b2-d161-449e-bf96-1744dbc156a8/complete","status":200,"duration_ms":9}
{"event":"http.request","request_id":"8cd5bb4d-d437-4ca9-8ef9-4460547720f9","method":"POST","path":"/api/v1/imports","status":202,"duration_ms":5}
{"event":"http.request","request_id":"bef07d2c-db02-4a40-8f9b-a8b361620d2a","method":"GET","path":"/api/v1/imports/0586cb70-8519-4385-a614-9d00857b012d/rows","status":200,"duration_ms":2}
{"event":"http.request","request_id":"b07cee52-cdbc-45ce-839d-5052e2502598","method":"PATCH","path":"/api/v1/import-rows/8f5b9683-7c47-4ff1-8a8c-be9122d97d08","status":200,"duration_ms":6}
{"event":"http.request","request_id":"8fe0a3d6-148d-4df9-bba2-2a939b49b24e","method":"PATCH","path":"/api/v1/import-rows/8f5b9683-7c47-4ff1-8a8c-be9122d97d08","status":409,"duration_ms":5}
✔ 字段映射异步解析且不猜身份，登记后更正，原值和更正历史保留 (93.750916ms)
{"event":"http.request","request_id":"37ab5225-1a30-4a41-a078-9e14b4606823","method":"POST","path":"/api/v1/imports","status":202,"duration_ms":6}
{"event":"http.request","request_id":"467dda0f-a2ec-4956-a6f1-2f78ee4ef8ee","method":"GET","path":"/api/v1/imports/a18586a1-6c14-407d-922c-2602e87d7911/rows","status":200,"duration_ms":2}
{"event":"http.request","request_id":"4f9ae315-645d-4252-9180-727e999f5883","method":"GET","path":"/api/v1/imports/3a0a4ffa-f6c2-4a00-bda5-433cedadcb7f","status":404,"duration_ms":1}
{"event":"http.request","request_id":"2b315173-5918-43ca-9a97-82047be4681b","method":"POST","path":"/api/v1/imports","status":403,"duration_ms":2}
{"event":"http.request","request_id":"88296c5f-b0fc-44d6-95cc-d040122c6f27","method":"GET","path":"/api/v1/imports/a18586a1-6c14-407d-922c-2602e87d7911/rows","status":200,"duration_ms":2}
{"event":"http.request","request_id":"a892fc2d-c7d1-4bf4-885d-e78defa2ee2c","method":"GET","path":"/api/v1/imports/a18586a1-6c14-407d-922c-2602e87d7911","status":404,"duration_ms":1}
✔ 手工复用行模型，缺失不填零，未知单位/窗/主体/账号和示例隔离 (21.773083ms)
✔ 十进制/约数解析、时间窗口和平台率边界 (0.515667ms)
{"event":"http.request","request_id":"dfb9987b-8d4b-4cb8-a179-7735e1200208","method":"POST","path":"/api/v1/imports","status":202,"duration_ms":6}
{"event":"http.request","request_id":"2a589da0-6001-43b2-8160-d1a1e616e96f","method":"GET","path":"/api/v1/imports/12d465cf-4e7e-4b30-bab1-83eee0a69557/rows","status":200,"duration_ms":2}
{"event":"http.request","request_id":"5d8a5ec4-b410-4c93-88e3-eb8af6618d3e","method":"POST","path":"/api/v1/imports/12d465cf-4e7e-4b30-bab1-83eee0a69557/confirm","status":200,"duration_ms":9}
{"event":"http.request","request_id":"91db7b8c-9fc0-4109-a4f1-f8a1a07ac4ec","method":"POST","path":"/api/v1/imports","status":202,"duration_ms":7}
{"event":"http.request","request_id":"1813877c-d538-48d3-b5a1-b2895c892154","method":"POST","path":"/api/v1/imports","status":202,"duration_ms":10}
{"event":"http.request","request_id":"606e6e9c-6fea-49d0-b5e5-baee40287c6e","method":"GET","path":"/api/v1/imports/f79c9271-669b-4b8a-a3d7-e89cce003988/rows","status":200,"duration_ms":3}
{"event":"http.request","request_id":"2261c6f0-16f6-407e-8c61-3c617f2e58ab","method":"GET","path":"/api/v1/imports/2728c4bc-9359-4092-a601-ed50d9b43382/rows","status":200,"duration_ms":3}
{"event":"http.request","request_id":"9102c029-0894-4302-bc59-7ab03823848f","method":"POST","path":"/api/v1/imports/2728c4bc-9359-4092-a601-ed50d9b43382/confirm","status":200,"duration_ms":10}
{"event":"http.request","request_id":"3de6d66d-9853-4891-a579-a1e478508266","method":"POST","path":"/api/v1/imports/f79c9271-669b-4b8a-a3d7-e89cce003988/confirm","status":200,"duration_ms":14}
{"event":"http.request","request_id":"38f11b94-02aa-4737-a380-366e032bf647","method":"POST","path":"/api/v1/imports","status":202,"duration_ms":4}
{"event":"http.request","request_id":"bfcceee3-dc6f-444c-9ce6-69d7067fec70","method":"GET","path":"/api/v1/imports/63c942c1-7e4e-409b-81dd-0b9c553c62c9/rows","status":200,"duration_ms":2}
{"event":"http.request","request_id":"3987f1a2-8af1-44f4-a3f7-949d3baf5d74","method":"POST","path":"/api/v1/imports/63c942c1-7e4e-409b-81dd-0b9c553c62c9/confirm","status":409,"duration_ms":3}
{"event":"http.request","request_id":"a1f9671c-c198-4723-a2d5-c169b9e174a1","method":"POST","path":"/api/v1/imports/63c942c1-7e4e-409b-81dd-0b9c553c62c9/confirm","status":200,"duration_ms":6}
{"event":"http.request","request_id":"b83290ee-d7cd-4d03-be94-b6a048d6121f","method":"POST","path":"/api/v1/imports","status":202,"duration_ms":5}
{"event":"http.request","request_id":"1315cd23-9b68-45e3-805d-84956a89a33f","method":"GET","path":"/api/v1/imports/13d792dc-94ee-4ff5-a377-99154c30ff5f/rows","status":200,"duration_ms":1}
{"event":"http.request","request_id":"9c522027-ba22-410b-ba3e-3713d04ee76e","method":"POST","path":"/api/v1/imports/13d792dc-94ee-4ff5-a377-99154c30ff5f/confirm","status":200,"duration_ms":8}
{"event":"http.request","request_id":"e6ffa510-6c82-46b2-a63a-ea692c086686","method":"PATCH","path":"/api/v1/import-rows/612d3627-df2d-4da8-8485-1d5beb790e54","status":409,"duration_ms":3}
✔ 所选合法行部分确认，重复同键同值并发复用观察与证据，异值必须显式处理 (92.292584ms)
{"event":"http.request","request_id":"853fad73-f94a-4a34-98e0-0fcaab43f038","method":"POST","path":"/api/v1/imports","status":202,"duration_ms":5}
{"event":"http.request","request_id":"93e3cb74-dab8-4fb5-a01a-aad9adb10905","method":"GET","path":"/api/v1/imports/b48f4e39-c808-492c-a056-b148fcbed108/rows","status":200,"duration_ms":2}
{"event":"http.request","request_id":"01e67191-75b6-46bd-8a5e-f7d3702e10e3","method":"POST","path":"/api/v1/imports/b48f4e39-c808-492c-a056-b148fcbed108/confirm","status":422,"duration_ms":5}
{"event":"http.request","request_id":"b8ec1fc7-49ef-4b00-a41b-8969722c40e4","method":"GET","path":"/api/v1/imports/b48f4e39-c808-492c-a056-b148fcbed108/rows","status":200,"duration_ms":2}
{"event":"http.request","request_id":"abe40e0d-1909-453e-91e3-cdbf3fc4380a","method":"POST","path":"/api/v1/imports/b48f4e39-c808-492c-a056-b148fcbed108/confirm","status":422,"duration_ms":3}
{"event":"http.request","request_id":"bdf95f18-778a-41ef-a641-80f1a463b615","method":"POST","path":"/api/v1/imports/b48f4e39-c808-492c-a056-b148fcbed108/confirm","status":422,"duration_ms":2}
{"event":"http.request","request_id":"8ac6019b-fe8d-4bde-8de0-71a8deebc017","method":"POST","path":"/api/v1/imports/b48f4e39-c808-492c-a056-b148fcbed108/confirm","status":200,"duration_ms":5}
{"event":"http.request","request_id":"5b7156d7-7b7b-4bda-89e8-6f12d0244772","method":"POST","path":"/api/v1/imports/b48f4e39-c808-492c-a056-b148fcbed108/confirm","status":409,"duration_ms":3}
✔ 失败整批回滚；同文件不同值不是业务去重，选择必须属于批次和不能重复 (36.097917ms)
{"event":"http.request","request_id":"a2238910-3027-4977-9a61-ba162906162b","method":"POST","path":"/api/v1/imports","status":202,"duration_ms":4}
{"event":"http.request","request_id":"fda31aa2-7ca5-4608-a097-605c319d55ec","method":"GET","path":"/api/v1/imports/ebea5ad8-1904-4342-b093-02951d4cf150/rows","status":200,"duration_ms":1}
{"event":"http.request","request_id":"0b589681-1768-4860-aa14-de3e89ae823b","method":"POST","path":"/api/v1/imports/ebea5ad8-1904-4342-b093-02951d4cf150/confirm","status":200,"duration_ms":6}
{"event":"http.request","request_id":"f9ae4287-29b5-45b7-ad09-0e974f9195ab","method":"POST","path":"/api/v1/imports","status":202,"duration_ms":4}
{"event":"http.request","request_id":"cd98d398-eddc-4dcb-b844-5b2d449be683","method":"GET","path":"/api/v1/imports/353081fd-e07c-47ce-a1d7-d91035f471f9/rows","status":200,"duration_ms":1}
{"event":"http.request","request_id":"906016de-aa94-4b03-bef3-a59f4dd8d305","method":"POST","path":"/api/v1/imports/353081fd-e07c-47ce-a1d7-d91035f471f9/confirm","status":200,"duration_ms":5}
{"event":"http.request","request_id":"52d8ca19-0874-4779-b159-d652d1f3f20f","method":"POST","path":"/api/v1/imports/ebea5ad8-1904-4342-b093-02951d4cf150/revert","status":200,"duration_ms":7}
{"event":"http.request","request_id":"4e22b47d-272b-4e1d-a9e7-b888bd11399d","method":"POST","path":"/api/v1/imports","status":202,"duration_ms":4}
{"event":"http.request","request_id":"596aee13-0dbe-4e8b-9f63-a4cb41785445","method":"GET","path":"/api/v1/imports/93b6e804-4318-41f7-8a1f-018a7304c5bb/rows","status":200,"duration_ms":1}
{"event":"http.request","request_id":"be24df7f-aad6-44f2-b58c-9408b536ba5f","method":"POST","path":"/api/v1/imports/93b6e804-4318-41f7-8a1f-018a7304c5bb/confirm","status":200,"duration_ms":6}
{"event":"http.request","request_id":"2bec3a3f-a545-4620-9231-0a1f0b6d6007","method":"POST","path":"/api/v1/imports","status":202,"duration_ms":4}
{"event":"http.request","request_id":"55ffc10e-6ae0-437c-ab88-f8f1c3ac141b","method":"GET","path":"/api/v1/imports/c4a419d9-3943-4a59-880b-50050df7ceec/rows","status":200,"duration_ms":2}
{"event":"http.request","request_id":"7c5c27e2-4487-4add-97a9-2c4e122ba012","method":"POST","path":"/api/v1/imports/c4a419d9-3943-4a59-880b-50050df7ceec/confirm","status":200,"duration_ms":6}
{"event":"http.request","request_id":"9c1e4d7d-3ad9-427b-ae1f-cc951c0692cc","method":"POST","path":"/api/v1/imports/93b6e804-4318-41f7-8a1f-018a7304c5bb/revert","status":200,"duration_ms":7}
{"event":"http.request","request_id":"3f66912a-b3a6-45bf-a416-da5b91346f6c","method":"POST","path":"/api/v1/imports/c4a419d9-3943-4a59-880b-50050df7ceec/revert","status":200,"duration_ms":7}
{"event":"http.request","request_id":"70cb98f3-2257-4481-aa23-ad4af5cbc2e7","method":"POST","path":"/api/v1/imports/353081fd-e07c-47ce-a1d7-d91035f471f9/revert","status":200,"duration_ms":6}
{"event":"http.request","request_id":"f2461165-2176-4b9d-9c9c-dfceb90ecc58","method":"POST","path":"/api/v1/imports/93b6e804-4318-41f7-8a1f-018a7304c5bb/revert","status":409,"duration_ms":2}
✔ 共享证据保留；撤销早期更正不能覆盖后续，后续撤销只恢复仍有证据的祖先 (87.03425ms)
{"event":"http.request","request_id":"0cea0a5c-99d8-4826-84ea-4914a3186537","method":"POST","path":"/api/v1/imports","status":202,"duration_ms":4}
{"event":"http.request","request_id":"c2ae3edd-cd52-42ec-994e-974f1383377f","method":"GET","path":"/api/v1/imports/9934d7eb-0a6d-46a3-94a7-0f43cc9df8bb/rows","status":200,"duration_ms":1}
{"event":"http.request","request_id":"a5afd711-17f8-4b44-a2b7-1c2b631d25b4","method":"POST","path":"/api/v1/imports/9934d7eb-0a6d-46a3-94a7-0f43cc9df8bb/confirm","status":200,"duration_ms":5}
{"event":"http.request","request_id":"05448bdf-52a7-42c1-89ec-f464be34751e","method":"POST","path":"/api/v1/imports","status":202,"duration_ms":3}
{"event":"http.request","request_id":"03942a06-c95d-4feb-811f-78198dfc0dbb","method":"GET","path":"/api/v1/imports/bff00963-0424-42bd-a1c3-1e90223b5bcd/rows","status":200,"duration_ms":1}
{"event":"http.request","request_id":"6fc6de3e-5cf9-4afb-8beb-826ec216bdbd","method":"POST","path":"/api/v1/imports/bff00963-0424-42bd-a1c3-1e90223b5bcd/confirm","status":200,"duration_ms":6}
{"event":"http.request","request_id":"28b6f036-80cf-4163-b237-d0dfc0bfa757","method":"POST","path":"/api/v1/imports/bff00963-0424-42bd-a1c3-1e90223b5bcd/revert","status":200,"duration_ms":6}
{"event":"http.request","request_id":"fec884d2-5e7e-4d14-bdcb-ab34d8131986","method":"PATCH","path":"/api/v1/publications/4660ea88-26d8-446c-bd05-b1bcd69dac63","status":200,"duration_ms":4}
{"event":"http.request","request_id":"d3dcefa2-855a-4927-b8ce-ae619e2691e1","method":"PATCH","path":"/api/v1/publications/4660ea88-26d8-446c-bd05-b1bcd69dac63","status":200,"duration_ms":5}
✔ 更正/撤销/发布时间更正使关联报告stale，保留报告事实和无关报告 (48.649292ms)
{"event":"http.request","request_id":"defa7091-077f-4c4e-9665-1d6259313215","method":"POST","path":"/api/v1/imports","status":202,"duration_ms":4}
{"event":"http.request","request_id":"0e4ea11c-fbce-4d49-8b38-448ac03eb7c9","method":"GET","path":"/api/v1/imports/9a4d796f-8f64-4674-a707-ee38924c94ec/rows","status":200,"duration_ms":2}
{"event":"http.request","request_id":"351b4b57-44b4-4c1a-8c89-ad7aecb94fb6","method":"POST","path":"/api/v1/imports/9a4d796f-8f64-4674-a707-ee38924c94ec/confirm","status":200,"duration_ms":6}
{"event":"http.request","request_id":"4d238e28-4971-4afa-9cbf-cab9bcf2724f","method":"POST","path":"/api/v1/imports","status":202,"duration_ms":4}
{"event":"http.request","request_id":"d97fc419-f4a5-4ae2-8632-fb7195ce4c04","method":"GET","path":"/api/v1/imports/17fe0416-d1ca-494e-a1f1-9ff44bfdda6b/rows","status":200,"duration_ms":2}
{"event":"http.request","request_id":"be34afc7-2ed9-404b-9576-de3a21378e2b","method":"POST","path":"/api/v1/imports/17fe0416-d1ca-494e-a1f1-9ff44bfdda6b/confirm","status":200,"duration_ms":5}
{"event":"http.request","request_id":"96237519-5366-446d-a1bc-353a24dd08d1","method":"POST","path":"/api/v1/imports","status":202,"duration_ms":4}
{"event":"http.request","request_id":"7b006314-b47b-4a39-83c3-a62ddf13004f","method":"GET","path":"/api/v1/metrics","status":200,"duration_ms":2}
{"event":"http.request","request_id":"22dad41a-39e7-4834-9d6d-c778f29840e4","method":"GET","path":"/api/v1/metrics/calculations","status":200,"duration_ms":5}
{"event":"http.request","request_id":"f1d40155-2c63-424a-9bc3-1b1aefa28997","method":"GET","path":"/api/v1/metrics/calculations","status":200,"duration_ms":4}
{"event":"http.request","request_id":"25ebf6ce-ab33-4f1d-b0d3-c4a16b07bf60","method":"GET","path":"/api/v1/metrics/ea4657ee-2aa6-4898-93cc-005b5453ab06/sources","status":200,"duration_ms":2}
{"event":"http.request","request_id":"ec4808d5-0bc6-4dbd-9f4a-ba1c2418fbc7","method":"GET","path":"/api/v1/calculations/7acaebce-feb0-40c8-ab9a-9f3ce9aff982","status":200,"duration_ms":3}
{"event":"http.request","request_id":"b3429d69-7b9a-4fe1-9baf-27eb1b4b206b","method":"POST","path":"/api/v1/imports/17fe0416-d1ca-494e-a1f1-9ff44bfdda6b/revert","status":200,"duration_ms":6}
{"event":"http.request","request_id":"9d4a7076-2e9d-4620-ac2c-572536fcd4a0","method":"GET","path":"/api/v1/calculations/7acaebce-feb0-40c8-ab9a-9f3ce9aff982","status":200,"duration_ms":3}
{"event":"http.request","request_id":"c84cb586-a301-437d-9c32-004019229b70","method":"GET","path":"/api/v1/imports/8b63b25d-35d4-42bb-a7e8-5c5d07d9717e/rows","status":200,"duration_ms":1}
{"event":"http.request","request_id":"710ec4dc-ac98-4c12-96c4-9eab8242736b","method":"GET","path":"/api/v1/metrics","status":404,"duration_ms":2}
{"event":"http.request","request_id":"594f5bf3-9b02-43c2-9ab5-fd677d97bf54","method":"GET","path":"/api/v1/metrics/calculations","status":422,"duration_ms":2}
✔ 来源/字典/计算API只读确认数据，保存输入ID/版本/窗口/舍入，撤销后计算及依赖报告失效 (76.96575ms)
{"event":"http.request","request_id":"6d313649-adec-4016-9442-cb8653d6b0b5","method":"POST","path":"/api/v1/imports","status":202,"duration_ms":4}
{"event":"http.request","request_id":"13a84840-7dbd-415e-abb5-7b646154bb85","method":"GET","path":"/api/v1/imports/0f0749ee-e9df-4bac-ad20-90c32620a287/rows","status":200,"duration_ms":1}
{"event":"http.request","request_id":"bc2fa620-37d3-405e-a50d-4db9044825c8","method":"POST","path":"/api/v1/imports/0f0749ee-e9df-4bac-ad20-90c32620a287/confirm","status":403,"duration_ms":2}
{"event":"http.request","request_id":"0932a31c-66d6-4fb5-806a-deec01c53f93","method":"PATCH","path":"/api/v1/import-rows/a248c6e3-69eb-41f5-a56c-a702b3b4ea9d","status":403,"duration_ms":2}
{"event":"http.request","request_id":"75ffd5c2-45e3-449a-9704-f98def8134af","method":"GET","path":"/api/v1/metrics/ea4657ee-2aa6-4898-93cc-005b5453ab06/sources","status":200,"duration_ms":2}
{"event":"http.request","request_id":"fa6d6681-0014-4004-a4dc-c39642399ac6","method":"GET","path":"/api/v1/metrics/ea4657ee-2aa6-4898-93cc-005b5453ab06/sources","status":404,"duration_ms":2}
{"event":"http.request","request_id":"fe5681dd-c2b8-499e-ae38-d99543bbaaa0","method":"GET","path":"/api/v1/metrics/067530cd-b748-43be-a622-0138e7511b1a/sources","status":404,"duration_ms":1}
✔ 权限变化阻止确认/撤销，跨账号及工作区来源不可见，手工非示例行可确认 (24.745167ms)
{"event":"http.request","request_id":"2e51d49e-69e4-4959-893b-27eccc5aeef6","method":"POST","path":"/api/v1/uploads","status":201,"duration_ms":5}
{"event":"http.request","request_id":"e92b396e-86c8-4d1b-9e76-8814d247edf8","method":"POST","path":"/api/v1/uploads/bb0c48f5-93e9-4dfa-84a3-ce185781a4bc/parts","status":200,"duration_ms":3}
{"event":"http.request","request_id":"e4eaad2b-5032-4a07-9483-1fa1de77104c","method":"PUT","path":"/api/v1/uploads/bb0c48f5-93e9-4dfa-84a3-ce185781a4bc/parts/1","status":200,"duration_ms":5}
{"event":"http.request","request_id":"8d011f36-6ba6-4cc1-9a7b-7ca808fd8b8d","method":"POST","path":"/api/v1/uploads/bb0c48f5-93e9-4dfa-84a3-ce185781a4bc/complete","status":200,"duration_ms":8}
{"event":"http.request","request_id":"e21f492c-8585-446e-8b53-c3f9f374e953","method":"POST","path":"/api/v1/uploads","status":201,"duration_ms":5}
{"event":"http.request","request_id":"a86bf716-0863-43df-bd37-67a14682959d","method":"POST","path":"/api/v1/uploads/658272dc-e84d-4dc4-9110-e33c43192bd3/parts","status":200,"duration_ms":3}
{"event":"http.request","request_id":"c13ebf8a-2030-41b2-9ce8-692fbd771d76","method":"PUT","path":"/api/v1/uploads/658272dc-e84d-4dc4-9110-e33c43192bd3/parts/1","status":200,"duration_ms":5}
{"event":"http.request","request_id":"427fa90e-0bda-4c22-804b-7b2bc96fe0f7","method":"POST","path":"/api/v1/uploads/658272dc-e84d-4dc4-9110-e33c43192bd3/complete","status":200,"duration_ms":8}
✔ 原S11安全解析文件复用原ID，经当前解析器补提取而不是另建文件身份 (110.003042ms)
{"event":"http.request","request_id":"9ac37d38-67ee-48e2-89bd-bd18d65373f6","method":"POST","path":"/api/v1/imports","status":202,"duration_ms":4}
{"event":"http.request","request_id":"e572050c-df7b-4d8f-a244-97adcfdf9eee","method":"GET","path":"/api/v1/imports/e87dfbe0-d1c0-4d50-a462-3b6a1dd17aab/rows","status":200,"duration_ms":2}
{"event":"http.request","request_id":"57e9d7d6-2e75-4633-abb7-9bef69052c28","method":"POST","path":"/api/v1/imports/e87dfbe0-d1c0-4d50-a462-3b6a1dd17aab/confirm","status":200,"duration_ms":6}
{"event":"http.request","request_id":"5a878562-7ca9-4084-bdc6-0eeac73ccce8","method":"GET","path":"/api/v1/metrics/calculations","status":200,"duration_ms":4}
{"event":"http.request","request_id":"b9c5a7be-aa2a-4c06-b8a8-bc4af464c487","method":"POST","path":"/api/v1/imports","status":202,"duration_ms":4}
{"event":"http.request","request_id":"764856d3-0c29-4c2c-b0d4-df5d767cb3b2","method":"GET","path":"/api/v1/imports/34d5c06c-4d7a-4c79-be8a-d0ad78acb40a/rows","status":200,"duration_ms":2}
{"event":"http.request","request_id":"a65e5e9c-7d93-4976-9bec-43db1f912518","method":"POST","path":"/api/v1/imports/34d5c06c-4d7a-4c79-be8a-d0ad78acb40a/confirm","status":200,"duration_ms":6}
{"event":"http.request","request_id":"f00f822e-3e6f-4a4e-a7de-3e3c905313ae","method":"GET","path":"/api/v1/calculations/05d735b4-eb38-43ed-a177-762f71ec6eff","status":200,"duration_ms":2}
{"event":"http.request","request_id":"8b064bcf-39d7-4983-a339-41785332f709","method":"GET","path":"/api/v1/metrics/calculations","status":200,"duration_ms":4}
{"event":"http.request","request_id":"6bf26b3a-0554-4194-9125-314e19527472","method":"PATCH","path":"/api/v1/publications/4660ea88-26d8-446c-bd05-b1bcd69dac63","status":200,"duration_ms":5}
{"event":"http.request","request_id":"f6ff5d20-c097-4b67-8b75-2110e42987d0","method":"GET","path":"/api/v1/metrics/calculations","status":200,"duration_ms":3}
{"event":"http.request","request_id":"44df0bec-df15-429c-af1a-3df42e351844","method":"PATCH","path":"/api/v1/publications/4660ea88-26d8-446c-bd05-b1bcd69dac63","status":200,"duration_ms":4}
✔ 新输入使缺失计算/依赖报告失效，重新计算生成新ID；更正发布时间后不可静默算过早窗口 (49.557291ms)
✔ 业务事件回滚不产生任务，Outbox并发分发只创建一个Job (77.580042ms)
✔ 租约保证单领取；心跳延长租约；已完成不会重复通知 (6.149958ms)
✔ 真实领取进程被SIGKILL后，重启领取恢复；旧租约结果被拒绝 (2453.233625ms)
✔ 取消与过期版本阻止结果及副作用提交 (22.418042ms)
✔ 失败退避重试有上限，管理员可重试；独立解析池不受一般池积压影响 (34.082583ms)
✔ 超过最大尝试的失联任务进入失败；未来调度事件暂不分发 (5.554333ms)
✔ 长任务心跳跨越初始租约，超时拒绝迟到结果和副作用 (4833.672041ms)
✔ 12金标准：600→631净增31，631单快照缺期初，不反推新增关注 (2.7015ms)
✔ 12金标准：12/3000*1000=4，零分母与缺失分开；组合字段不拆，互动次数率可>100% (0.513708ms)
✔ 12金标准：累计100→150区间增量50不求和；回落100→90待核实 (0.115333ms)
✔ 12金标准：观看10秒×100与20秒×300加权17.5；缺权重不能平均；零权重为空 (0.1605ms)
✔ 12金标准：约数保留，日期不同流量/平台口径/精度不混算；边界缺失或重复不可比较 (0.185084ms)
✔ 精确十进制内部不提前舍入，half-up正负边界 (0.397125ms)
{"event":"http.request","request_id":"225f32ad-b8b7-4141-bc83-b7475781aceb","method":"GET","path":"/api/v1/auth/csrf","status":200,"duration_ms":7}
{"event":"http.request","request_id":"a98d208e-d4f2-4f25-ae22-a4c9d33f248f","method":"POST","path":"/api/v1/setup","status":201,"duration_ms":33}
{"event":"http.request","request_id":"33f10a9a-09d1-485e-808e-f28156b48480","method":"GET","path":"/api/v1/auth/csrf","status":200,"duration_ms":1}
{"event":"http.request","request_id":"78d55041-d696-43f0-88b1-09f2abcfae00","method":"POST","path":"/api/v1/auth/login","status":200,"duration_ms":24}
{"event":"http.request","request_id":"2e05925b-cff9-4aac-b7f8-ecc3847b0450","method":"GET","path":"/api/v1/me","status":200,"duration_ms":83}
{"event":"http.request","request_id":"0789ec1e-42b9-4941-b005-59898680e33a","method":"POST","path":"/api/v1/accounts","status":201,"duration_ms":9}
{"event":"http.request","request_id":"4b5c70b6-59a4-45c8-a27e-f67d0680a7e3","method":"POST","path":"/api/v1/members","status":201,"duration_ms":27}
{"event":"http.request","request_id":"874827e5-24da-4ec0-b7f7-d8988ea40f12","method":"POST","path":"/api/v1/members","status":201,"duration_ms":28}
{"event":"http.request","request_id":"5fbb49b8-8b65-4fb8-bb20-1589d0c24285","method":"POST","path":"/api/v1/members","status":201,"duration_ms":27}
{"event":"http.request","request_id":"1ff8172a-644f-4892-812b-1fc92e2c9df5","method":"POST","path":"/api/v1/source-connections","status":201,"duration_ms":8}
{"event":"http.request","request_id":"1d94b059-afed-4462-b446-0660e00b6ad9","method":"PATCH","path":"/api/v1/members/fb39b0d7-40d0-4342-bb3e-1dae84c6e789","status":422,"duration_ms":8}
{"event":"http.request","request_id":"dcc016c4-0030-4829-800b-fed45b25790f","method":"PATCH","path":"/api/v1/members/fb39b0d7-40d0-4342-bb3e-1dae84c6e789","status":422,"duration_ms":7}
{"event":"http.request","request_id":"423e6cbf-6d96-415c-83e4-2cc3ae82400f","method":"PATCH","path":"/api/v1/members/fb39b0d7-40d0-4342-bb3e-1dae84c6e789","status":200,"duration_ms":9}
{"event":"http.request","request_id":"5139f4b1-a2a0-4ccb-92f9-ad26d2146132","method":"GET","path":"/api/v1/accounts/818eb4eb-f0c7-4cfd-ab6b-3d2eea27a4c0","status":200,"duration_ms":1}
{"event":"http.request","request_id":"cd58477f-4cc1-4b13-862f-92093dcf6d43","method":"GET","path":"/api/v1/source-connections/4459ccc0-81be-4595-a3f3-7eb234ff2256","status":200,"duration_ms":1}
{"event":"http.request","request_id":"1387c40c-de73-4760-854f-f42a60abd8a2","method":"GET","path":"/api/v1/notifications","status":200,"duration_ms":1}
{"event":"http.request","request_id":"97075bc3-94ed-4b12-b1fc-da714e7de757","method":"GET","path":"/api/v1/accounts/818eb4eb-f0c7-4cfd-ab6b-3d2eea27a4c0","status":200,"duration_ms":2}
{"event":"http.request","request_id":"9adcfd78-bcc1-4d9e-bf89-6eceb6151c30","method":"PATCH","path":"/api/v1/accounts/818eb4eb-f0c7-4cfd-ab6b-3d2eea27a4c0","status":422,"duration_ms":4}
{"event":"http.request","request_id":"766d5a91-5da1-4b83-acb8-8c051c6baa6d","method":"PATCH","path":"/api/v1/members/c7d66299-497f-4af7-aea6-1efa7ecf37af","status":200,"duration_ms":6}
{"event":"http.request","request_id":"ad648393-bfac-4b84-80de-8fb34a391b6f","method":"PATCH","path":"/api/v1/members/dc07146f-4fcf-4289-aa50-8580f32b19b9","status":422,"duration_ms":3}
✔ 运营角色降级/停用须移交账号/选题/来源，接替人须有能力，审计和通知同事务 (540.198375ms)
{"event":"http.request","request_id":"b5c3a3bb-eed9-4d60-bb16-b337b7286818","method":"GET","path":"/api/v1/settings","status":200,"duration_ms":1}
{"event":"http.request","request_id":"fc19e452-21f9-41dd-90c5-6bed0dc81438","method":"PATCH","path":"/api/v1/settings","status":422,"duration_ms":3}
{"event":"http.request","request_id":"68d4bdb5-a107-4da4-8005-88e856b37343","method":"GET","path":"/api/v1/settings","status":200,"duration_ms":1}
{"event":"http.request","request_id":"dcc7265b-35bf-43f6-a6c3-d91fe53e6791","method":"PATCH","path":"/api/v1/settings","status":200,"duration_ms":4}
{"event":"http.request","request_id":"d8a7fc62-82c1-48e4-94fc-77ef6ed79f98","method":"POST","path":"/api/v1/reports","status":202,"duration_ms":9}
{"event":"http.request","request_id":"b0c58238-be41-4734-ac90-0890fbce9b93","method":"GET","path":"/api/v1/reports/54361853-2aff-4c49-8d0e-547770362999","status":200,"duration_ms":2}
{"event":"http.request","request_id":"cfcc800e-5cb0-4fab-8c74-8464cacf6269","method":"GET","path":"/api/v1/monitor","status":200,"duration_ms":4}
{"event":"http.request","request_id":"e56ababf-4dc1-40dc-9bb4-921b03bfafde","method":"GET","path":"/api/v1/settings","status":200,"duration_ms":1}
{"event":"http.request","request_id":"6deda925-047d-4989-abc1-7942c5fcd4ac","method":"PATCH","path":"/api/v1/settings","status":200,"duration_ms":4}
{"event":"http.request","request_id":"6b84b3b3-3333-4613-9da0-01142683a998","method":"POST","path":"/api/v1/reports","status":202,"duration_ms":6}
{"event":"http.request","request_id":"545ebfb7-52b7-4efc-a53c-3b74acd101a3","method":"GET","path":"/api/v1/reports/64417709-32f9-406f-bc8e-73ed055510c6","status":200,"duration_ms":2}
{"event":"http.request","request_id":"8b521467-3908-47a6-bf32-742f5d51ab5b","method":"GET","path":"/api/v1/monitor","status":200,"duration_ms":3}
✔ 有限预算必须有单价币种，工作区配置在AI运行前真实拒绝超额且不触发提供方 (81.239916ms)
{"event":"http.request","request_id":"00e0ce41-f92a-4efb-9f7a-8c6dc9d64a9d","method":"POST","path":"/api/v1/diagnostics","status":202,"duration_ms":4}
{"event":"http.request","request_id":"eb0ff68f-3ac0-4319-bf6a-3519e37beb28","method":"GET","path":"/api/v1/auth/csrf","status":200,"duration_ms":1}
{"event":"http.request","request_id":"beca7bc8-5181-4c25-a8de-5421e1c2aef3","method":"POST","path":"/api/v1/auth/accept-invite","status":200,"duration_ms":18}
{"event":"http.request","request_id":"a06292d9-0140-4693-b78b-84b85d7c1e50","method":"GET","path":"/api/v1/auth/csrf","status":200,"duration_ms":0}
{"event":"http.request","request_id":"434aa22c-2311-4ac8-88b9-c9aacfa86906","method":"POST","path":"/api/v1/auth/login","status":200,"duration_ms":18}
{"event":"http.request","request_id":"734da08d-2064-42cc-88a6-6cd855380023","method":"GET","path":"/api/v1/monitor","status":403,"duration_ms":1}
{"event":"http.request","request_id":"73c508e9-ea29-44de-8f29-68a3ac011208","method":"POST","path":"/api/v1/jobs/b8e62b3f-3e7f-47e5-8299-7827e42547ad/retry","status":403,"duration_ms":2}
{"event":"http.request","request_id":"9077400c-fd23-40d7-aa19-f25accd89744","method":"POST","path":"/api/v1/jobs/b8e62b3f-3e7f-47e5-8299-7827e42547ad/retry","status":202,"duration_ms":4}
{"event":"http.request","request_id":"f82be2db-3455-4ede-aec6-d1a6e8c1845b","method":"GET","path":"/api/v1/jobs/b8e62b3f-3e7f-47e5-8299-7827e42547ad","status":200,"duration_ms":1}
{"event":"http.request","request_id":"9644e97a-885b-4a77-b952-d677fac5830e","method":"GET","path":"/api/v1/notifications","status":200,"duration_ms":1}
{"event":"http.request","request_id":"e55908f8-9db3-45e8-937d-8665fafb430f","method":"POST","path":"/api/v1/notifications/a05d9771-efd9-49b5-a41f-e65a02fe7935/read","status":200,"duration_ms":4}
{"event":"http.request","request_id":"42bc99c3-39c7-408a-a212-3c7467fd9046","method":"GET","path":"/api/v1/jobs/b8e62b3f-3e7f-47e5-8299-7827e42547ad","status":200,"duration_ms":1}
{"event":"http.request","request_id":"ec39060e-2481-4fc3-838e-6e5fb8e512e5","method":"GET","path":"/api/v1/audit-logs","status":200,"duration_ms":1}
✔ 失败任务管理员重试可运行，通知已读独立、运行入口与审计分页可用；只读不能操作 (84.536916ms)
✔ 03角色矩阵：组合角色取并集，只读不得下载原件或写业务 (0.3985ms)
✔ 幂等请求哈希递归规范化对象键，保留数组顺序 (0.094791ms)
{"event":"http.request","request_id":"67c225a8-8247-40ba-abc7-02c736dfec9a","method":"GET","path":"/api/v1/auth/csrf","status":200,"duration_ms":6}
{"event":"http.request","request_id":"3fe16e58-7a3a-4697-b6af-6dc64de2855c","method":"POST","path":"/api/v1/setup","status":201,"duration_ms":36}
{"event":"http.request","request_id":"80aae208-7914-40b7-845d-a17e25981898","method":"GET","path":"/api/v1/auth/csrf","status":200,"duration_ms":1}
{"event":"http.request","request_id":"f2b63e00-930d-4460-a181-b74cad8d6412","method":"POST","path":"/api/v1/auth/login","status":200,"duration_ms":23}
{"event":"http.request","request_id":"05aa3297-44e5-49a3-af86-4fab7e942517","method":"GET","path":"/api/v1/me","status":200,"duration_ms":81}
{"event":"http.request","request_id":"4c7a06ea-be31-4c18-ba92-55f7c3d4e40b","method":"POST","path":"/api/v1/accounts","status":201,"duration_ms":10}
{"event":"http.request","request_id":"49a26346-3037-4ef8-b2fa-fb4e2cb647d2","method":"POST","path":"/api/v1/publications","status":201,"duration_ms":8}
{"event":"http.request","request_id":"b8e3f73e-444e-44f7-8fda-c61ddfecc3a4","method":"POST","path":"/api/v1/publications","status":201,"duration_ms":14}
{"event":"http.request","request_id":"312725c5-b085-4f48-afaa-9d8008c6c1db","method":"POST","path":"/api/v1/publications","status":409,"duration_ms":5}
{"event":"http.request","request_id":"b9e1f017-7020-43ac-92e5-d9d8935282c1","method":"GET","path":"/api/v1/publications","status":200,"duration_ms":1}
{"event":"http.request","request_id":"0b2821a8-1e38-451f-bf87-2ad5ae82161c","method":"GET","path":"/api/v1/publications/c1e63fd0-6343-4342-b7e8-cb647053b1de","status":200,"duration_ms":1}
✔ 没有稿件/批准版本也可登记，幂等并发唯一，无回收/排期/提醒事件 (413.14975ms)
{"event":"http.request","request_id":"b3113e4c-674a-4f4c-b3c3-672b057d7df5","method":"POST","path":"/api/v1/publications","status":422,"duration_ms":4}
{"event":"http.request","request_id":"1320e01d-1092-4fb9-8368-4c99eeb4267a","method":"POST","path":"/api/v1/publications","status":422,"duration_ms":4}
{"event":"http.request","request_id":"14a70162-f447-4013-9d05-8de93f0fd9f8","method":"POST","path":"/api/v1/publications","status":422,"duration_ms":3}
{"event":"http.request","request_id":"8a9eda2b-e638-4546-8a5d-b321e7d27971","method":"POST","path":"/api/v1/publications","status":422,"duration_ms":3}
{"event":"http.request","request_id":"1ec7c3ed-1703-4d56-ad01-c21721771f7a","method":"POST","path":"/api/v1/publications","status":422,"duration_ms":3}
{"event":"http.request","request_id":"aeb5f7f9-2e8f-4580-b40c-5b1aedcc9b67","method":"POST","path":"/api/v1/publications","status":422,"duration_ms":3}
{"event":"http.request","request_id":"1d9afbdd-1165-49e8-be0d-935e3becceea","method":"POST","path":"/api/v1/publications","status":404,"duration_ms":2}
{"event":"http.request","request_id":"472472c2-e4cd-4100-bbee-96cb2af917bc","method":"POST","path":"/api/v1/publications","status":403,"duration_ms":2}
✔ 无ID/未来时间/身份链接错配/取消字段拒绝，未知账号或越权不泄漏 (33.131959ms)
{"event":"http.request","request_id":"44054392-0656-4520-bd05-c6b83b55423d","method":"POST","path":"/api/v1/publications","status":201,"duration_ms":4}
{"event":"http.request","request_id":"ada086db-8dff-40a8-a724-066d869414e1","method":"PATCH","path":"/api/v1/publications/77da3afe-8119-4055-a95f-f5d4b1cbf41d","status":422,"duration_ms":3}
{"event":"http.request","request_id":"c9915782-17d8-435d-be64-00cad9651ed1","method":"PATCH","path":"/api/v1/publications/77da3afe-8119-4055-a95f-f5d4b1cbf41d","status":422,"duration_ms":3}
{"event":"http.request","request_id":"ac6e3197-b8da-42a0-9c93-b0064c25e8e0","method":"PATCH","path":"/api/v1/publications/77da3afe-8119-4055-a95f-f5d4b1cbf41d","status":200,"duration_ms":7}
{"event":"http.request","request_id":"ced0f9d0-0661-43de-9c7e-2ce0fa956208","method":"PATCH","path":"/api/v1/publications/77da3afe-8119-4055-a95f-f5d4b1cbf41d","status":409,"duration_ms":4}
{"event":"http.request","request_id":"0c4767f6-af34-4931-a2c1-3c8ee9c5612a","method":"PATCH","path":"/api/v1/publications/77da3afe-8119-4055-a95f-f5d4b1cbf41d","status":200,"duration_ms":4}
{"event":"http.request","request_id":"c35df1ca-cfdb-4847-87f6-cbbdf7e5b815","method":"GET","path":"/api/v1/publications/77da3afe-8119-4055-a95f-f5d4b1cbf41d","status":200,"duration_ms":1}
{"event":"http.request","request_id":"60dda2e9-2c99-43f1-ba5b-d14b577fcc9f","method":"POST","path":"/api/v1/publications","status":201,"duration_ms":4}
✔ 更正要原因/版本，账号ID不可挪用，外部删除保留原笔记，重发新ID另登记 (40.076ms)
{"event":"http.request","request_id":"d5d2bdf3-d0ef-4a40-9846-42bb9cfaa023","method":"GET","path":"/api/v1/contents","status":404,"duration_ms":1}
{"event":"http.request","request_id":"3320544b-c029-4207-b803-2aceda1afc84","method":"POST","path":"/api/v1/contents","status":404,"duration_ms":1}
{"event":"http.request","request_id":"f7e55c14-b3d1-45fc-a6e2-38965e6147c1","method":"GET","path":"/api/v1/assets","status":404,"duration_ms":0}
{"event":"http.request","request_id":"97af2522-a136-4591-9eaa-ac928c4ded13","method":"POST","path":"/api/v1/assets","status":404,"duration_ms":1}
{"event":"http.request","request_id":"55932633-ad42-43fc-bd21-3407105efc49","method":"GET","path":"/api/v1/calendar-events","status":404,"duration_ms":1}
{"event":"http.request","request_id":"bd672d9d-ce4a-403a-b0c4-5ef7b3ef133a","method":"POST","path":"/api/v1/calendar-events","status":404,"duration_ms":1}
{"event":"http.request","request_id":"c9f90b7e-93a0-4c81-b3f7-1461c7db6947","method":"GET","path":"/api/v1/campaigns","status":404,"duration_ms":1}
{"event":"http.request","request_id":"eefd1ddb-44ee-4ea9-9f31-6ac2bdb3aec1","method":"POST","path":"/api/v1/campaigns","status":404,"duration_ms":1}
{"event":"http.request","request_id":"efb8b8a0-79d0-40be-ac4b-5dc1e241b12f","method":"GET","path":"/api/v1/schedule-proposals","status":404,"duration_ms":1}
{"event":"http.request","request_id":"c6ca9204-7fb7-4e18-8445-63e46f7a2a76","method":"POST","path":"/api/v1/schedule-proposals","status":404,"duration_ms":1}
{"event":"http.request","request_id":"952783d5-5b34-4f3d-9eb2-d5bba1d3b80a","method":"GET","path":"/api/v1/publication-drafts","status":404,"duration_ms":0}
{"event":"http.request","request_id":"8f609000-9393-4cfe-913d-faaa9f9be933","method":"POST","path":"/api/v1/publication-drafts","status":404,"duration_ms":1}
{"event":"http.request","request_id":"5e35f05b-6a7b-40d8-b312-badb6ed8413c","method":"GET","path":"/api/v1/reviews/9dedef23-0c94-4ff5-985d-e24d815b18f7/decide","status":404,"duration_ms":1}
{"event":"http.request","request_id":"8ba01638-ea22-481e-9dca-75637ca80a7b","method":"POST","path":"/api/v1/reviews/9dedef23-0c94-4ff5-985d-e24d815b18f7/decide","status":404,"duration_ms":1}
{"event":"http.request","request_id":"06923467-a6f1-48a7-a2b9-da8c3d844c2c","method":"GET","path":"/api/v1/export-packages/2b0fc247-8cd4-4938-851e-4573a0ac9214/download","status":404,"duration_ms":1}
{"event":"http.request","request_id":"18b42e6c-150e-4fb9-8bed-dbd2a863208d","method":"POST","path":"/api/v1/export-packages/2b0fc247-8cd4-4938-851e-4573a0ac9214/download","status":404,"duration_ms":1}
{"event":"http.request","request_id":"76ea1266-8f0c-447a-8b06-a90f0177fa9f","method":"GET","path":"/api/v1/publications/6b52e6f6-d419-4d32-9563-6b95206c4e5e/changes","status":404,"duration_ms":1}
{"event":"http.request","request_id":"79a03653-a213-4401-91ba-057e9c780e47","method":"POST","path":"/api/v1/publications/6b52e6f6-d419-4d32-9563-6b95206c4e5e/changes","status":404,"duration_ms":1}
{"event":"http.request","request_id":"2474ea59-1bc7-46b1-a0ae-7fe4b8a0ef2f","method":"POST","path":"/api/v1/diagnostics","status":422,"duration_ms":3}
✔ 取消模块及旧动作端点404且无业务副作用 (26.842208ms)
{"event":"http.request","request_id":"b7e6b5a4-e6e1-4049-a3fc-ce149cf49c3a","method":"GET","path":"/api/v1/auth/csrf","status":200,"duration_ms":5}
{"event":"http.request","request_id":"17411443-cd15-411d-9b92-0f0cedb7f460","method":"POST","path":"/api/v1/setup","status":201,"duration_ms":29}
{"event":"http.request","request_id":"6afd4217-5854-4330-8153-f34a620d34e2","method":"GET","path":"/api/v1/auth/csrf","status":200,"duration_ms":1}
{"event":"http.request","request_id":"b0773b8c-a161-4df0-8d23-e5809a9010f9","method":"POST","path":"/api/v1/auth/login","status":200,"duration_ms":22}
{"event":"http.request","request_id":"c432d273-a78a-4c7e-b282-ea40193623be","method":"GET","path":"/api/v1/me","status":200,"duration_ms":79}
{"event":"http.request","request_id":"bf659078-88b0-4c54-869e-004e9c436956","method":"POST","path":"/api/v1/accounts","status":201,"duration_ms":10}
{"event":"http.request","request_id":"418fb7fa-5eed-48b7-a3ed-41cc16a4d53d","method":"POST","path":"/api/v1/reports","status":202,"duration_ms":13}
{"event":"http.request","request_id":"8d25df18-141d-4283-95d9-792c51fe873b","method":"POST","path":"/api/v1/reports","status":202,"duration_ms":4}
{"event":"http.request","request_id":"2924338b-6c1e-45bc-a9d8-8b9b8510dc5d","method":"GET","path":"/api/v1/reports/fb0f8539-05a7-4702-864b-2dd609d4a7fd","status":200,"duration_ms":3}
{"event":"http.request","request_id":"c1f0f565-0e2f-45ad-b763-eaa0e164252d","method":"GET","path":"/api/v1/reports/fb0f8539-05a7-4702-864b-2dd609d4a7fd","status":200,"duration_ms":2}
{"event":"http.request","request_id":"219555e1-ec35-4eb4-b397-9e4c706bdad2","method":"POST","path":"/api/v1/imports","status":202,"duration_ms":5}
{"event":"http.request","request_id":"1f5c68dc-feb2-4cdb-a009-434b645036c5","method":"GET","path":"/api/v1/imports/0855f3e9-a775-41ad-87b3-5a823cc5afc1/rows","status":200,"duration_ms":2}
{"event":"http.request","request_id":"d3e4472a-3431-46f4-ba89-2a7df4c9978a","method":"POST","path":"/api/v1/imports/0855f3e9-a775-41ad-87b3-5a823cc5afc1/confirm","status":200,"duration_ms":8}
{"event":"http.request","request_id":"61574801-e120-422b-9f6b-61f2a3273591","method":"GET","path":"/api/v1/imports/0855f3e9-a775-41ad-87b3-5a823cc5afc1","status":200,"duration_ms":2}
{"event":"http.request","request_id":"37ecead6-1180-43a1-ae13-23f7ea5234e2","method":"GET","path":"/api/v1/reports/fb0f8539-05a7-4702-864b-2dd609d4a7fd","status":200,"duration_ms":1}
✔ 报告异步幂等，真空态partial，无数字补造与自动策略；新增输入使无依赖报告stale (441.202417ms)
{"event":"http.request","request_id":"c01e9a9c-efaa-479c-a4a3-abf145afa247","method":"POST","path":"/api/v1/imports","status":202,"duration_ms":5}
{"event":"http.request","request_id":"684e4d35-70e8-459e-ad01-4a27a3bc2687","method":"GET","path":"/api/v1/imports/1f2d26da-51f1-4832-a46f-07a7bc3a62d5/rows","status":200,"duration_ms":2}
{"event":"http.request","request_id":"66004591-c135-4972-b1b7-f3a7945add7a","method":"POST","path":"/api/v1/imports/1f2d26da-51f1-4832-a46f-07a7bc3a62d5/confirm","status":200,"duration_ms":7}
{"event":"http.request","request_id":"9e170dcc-a68a-4d94-a70a-7aeaaed9e12c","method":"GET","path":"/api/v1/imports/1f2d26da-51f1-4832-a46f-07a7bc3a62d5","status":200,"duration_ms":3}
{"event":"http.request","request_id":"0b26dd52-2df1-47d8-95f0-25140e258a0f","method":"POST","path":"/api/v1/reports","status":202,"duration_ms":8}
{"event":"http.request","request_id":"720319ea-7bb3-4fee-890d-40c29032fa36","method":"GET","path":"/api/v1/reports/adf6faf9-eb7a-446a-9c9a-c62cb13a0765","status":200,"duration_ms":2}
{"event":"http.request","request_id":"34e72aca-ae9d-4c75-9b58-b3ba870c9971","method":"GET","path":"/api/v1/calculations/5ae63510-9ee4-44ff-bf9d-358bf77119e3","status":200,"duration_ms":3}
{"event":"http.request","request_id":"30dc61be-c6f2-4ea7-b62f-57a399a477bb","method":"POST","path":"/api/v1/reports/adf6faf9-eb7a-446a-9c9a-c62cb13a0765/accept-actions","status":200,"duration_ms":6}
{"event":"http.request","request_id":"c67844d6-a69f-4c0b-a55f-4e47d7966dd0","method":"POST","path":"/api/v1/strategy-memories/c4381c47-ab24-430f-ab37-b47e415126d2/activate","status":403,"duration_ms":3}
{"event":"http.request","request_id":"c8e0960c-eb74-44eb-b101-4304888d7064","method":"POST","path":"/api/v1/strategy-memories/c4381c47-ab24-430f-ab37-b47e415126d2/activate","status":200,"duration_ms":6}
{"event":"http.request","request_id":"bfd87356-3a13-4013-983f-861a64ef452e","method":"POST","path":"/api/v1/topic-generations","status":202,"duration_ms":8}
{"event":"http.request","request_id":"6f729ce0-a1df-449b-9acd-98d56b6a6ba4","method":"POST","path":"/api/v1/imports/1f2d26da-51f1-4832-a46f-07a7bc3a62d5/revert","status":200,"duration_ms":8}
{"event":"http.request","request_id":"3df7c57e-e4e6-4f95-ad5a-42d27c14d4bb","method":"GET","path":"/api/v1/ai-requests/c06c3b12-6d6c-4dce-9e0e-9fa7d4f98d58","status":200,"duration_ms":3}
{"event":"http.request","request_id":"181e3956-22b6-4076-aaca-517331ed8d20","method":"GET","path":"/api/v1/reports/adf6faf9-eb7a-446a-9c9a-c62cb13a0765","status":200,"duration_ms":2}
{"event":"http.request","request_id":"308d936e-919a-42b1-97b9-fe3db94eeb4c","method":"POST","path":"/api/v1/reports/adf6faf9-eb7a-446a-9c9a-c62cb13a0765/accept-actions","status":409,"duration_ms":4}
✔ 程序计算事实绑定观察，final/partial准确；采纳仅proposed，人工激活后成为选题输入；撤销失效并退策略 (131.354625ms)
{"event":"http.request","request_id":"5aa553e3-34f7-468a-bda5-8faa010b0245","method":"POST","path":"/api/v1/reports","status":202,"duration_ms":7}
{"event":"http.request","request_id":"5865adc3-8a9c-4678-8632-b36ad080a88e","method":"GET","path":"/api/v1/reports/86d603a3-6d1c-42b2-b0b5-2a652a76caca","status":200,"duration_ms":1}
{"event":"http.request","request_id":"497cc3c2-1145-42ab-9737-6352e758aa83","method":"POST","path":"/api/v1/reports","status":202,"duration_ms":6}
{"event":"http.request","request_id":"88ba2526-e1e1-43da-80de-45d941681599","method":"GET","path":"/api/v1/reports/d71e81a9-aa55-41d6-bc02-55cc47d1b10a","status":200,"duration_ms":1}
✔ 事实ID/数字硬守卫与注入不能落库，错误记录用量；缺数据重新生成仍partial (39.109625ms)
{"event":"http.request","request_id":"b3e88821-15fc-46a3-966d-89792805aa4d","method":"POST","path":"/api/v1/reports","status":202,"duration_ms":6}
{"event":"http.request","request_id":"3b906cce-828d-4d7c-a4c5-fca51c460a4d","method":"GET","path":"/api/v1/reports/35406359-9b89-4546-a414-2336089ccedd","status":200,"duration_ms":2}
{"event":"http.request","request_id":"f4f11996-0145-4a0e-b80f-d2bdb9d11f38","method":"GET","path":"/api/v1/reports/35406359-9b89-4546-a414-2336089ccedd","status":200,"duration_ms":2}
{"event":"http.request","request_id":"fb390c3f-8bd5-4223-ac35-6873848cd312","method":"POST","path":"/api/v1/reports","status":202,"duration_ms":6}
{"event":"http.request","request_id":"c852ad30-2ab4-4226-b76d-29df089a1039","method":"POST","path":"/api/v1/jobs/2c533f08-f2e0-42f0-8199-adf581016737/cancel","status":200,"duration_ms":4}
{"event":"http.request","request_id":"892e6ffe-17ce-42ef-8c44-c2a77c97a8f7","method":"GET","path":"/api/v1/reports/bf68ce64-da66-461a-827a-46afda5c85e8","status":200,"duration_ms":2}
{"event":"http.request","request_id":"bd035dd7-9e34-459b-81bb-d3ab7caec229","method":"GET","path":"/api/v1/reports/17ad250a-55d8-4a35-9b8d-9750661c926b","status":404,"duration_ms":5}
{"event":"http.request","request_id":"7449f013-2d27-4439-a41f-34d03e00cca7","method":"GET","path":"/api/v1/reports","status":404,"duration_ms":2}
{"event":"http.request","request_id":"63e09df4-68f1-4da1-a6e3-3d11b42adeee","method":"POST","path":"/api/v1/reports","status":422,"duration_ms":3}
✔ 处理器完成到提交的权限/输入变化拒绝，取消不落报告事实；历史快照不可静默改写 (51.681125ms)
✔ 输出校验分离事实/假设/缺口，伪造数字、确定性因果与过期复查不可进入策略 (0.195542ms)
{"event":"http.request","request_id":"a884e7e3-cae1-4c19-93bb-349bb1870e08","method":"GET","path":"/api/v1/auth/csrf","status":200,"duration_ms":5}
{"event":"http.request","request_id":"294bf0c9-113b-4e08-88e9-69b85839c0db","method":"POST","path":"/api/v1/setup","status":201,"duration_ms":27}
{"event":"http.request","request_id":"2c8979fc-f149-4c2c-baba-aebb5066872f","method":"GET","path":"/api/v1/auth/csrf","status":200,"duration_ms":1}
{"event":"http.request","request_id":"9b4336ca-4ffd-475f-b541-a32027425b0d","method":"POST","path":"/api/v1/auth/login","status":200,"duration_ms":19}
{"event":"http.request","request_id":"cb6045e0-4a24-4c2d-800c-eced629c1795","method":"GET","path":"/api/v1/me","status":200,"duration_ms":84}
{"event":"http.request","request_id":"9133a051-bb18-4685-9f57-3950bc8d387d","method":"POST","path":"/api/v1/accounts","status":201,"duration_ms":9}
Applied 025-independent-notes-files.sql
Applied 026-retire-cancelled-workflows.sql
Applied 027-import-batches.sql
Applied 028-metric-confirmation.sql
Applied 029-metric-revert-provenance.sql
Applied 030-metric-calculations.sql
Applied 031-import-derived-invalidation.sql
Applied 032-derived-metric-dictionary.sql
Applied 033-current-calculation-fingerprint.sql
Applied 034-reports-and-strategies.sql
Applied 035-feedback.sql
Applied 036-source-organization.sql
{"event":"http.request","request_id":"fb71d49c-edb7-4067-a3e1-2680a6eeee72","method":"POST","path":"/api/v1/topics/ddb6f41b-78ff-4a60-a2d3-58eef9624dea/accept","status":200,"duration_ms":5}
✔ T25真实旧库结构升级：角色不提权、在途旧Job拒绝提交、关系/幂等/通知退出而通用事件保留 (562.742541ms)
{"event":"http.request","request_id":"6cb41ed5-ab1b-49a8-a584-bc00de6364d1","method":"GET","path":"/api/v1/auth/csrf","status":200,"duration_ms":5}
{"event":"http.request","request_id":"89afd084-4e0f-4dd5-a0eb-8a625ce5a676","method":"POST","path":"/api/v1/setup","status":201,"duration_ms":33}
{"event":"http.request","request_id":"4faf715c-4f04-4a4a-bfc4-174574ad4c3f","method":"GET","path":"/api/v1/auth/csrf","status":200,"duration_ms":2}
{"event":"http.request","request_id":"cbd862cc-64fa-45cd-ae7c-2c42a6a4f944","method":"POST","path":"/api/v1/auth/login","status":200,"duration_ms":23}
{"event":"http.request","request_id":"9bc5b673-98b1-4b49-8d28-a25e2293572a","method":"GET","path":"/api/v1/me","status":200,"duration_ms":80}
{"event":"http.request","request_id":"8b929112-3b99-4139-8301-d992ed7e627c","method":"POST","path":"/api/v1/source-connections","status":201,"duration_ms":10}
{"event":"http.request","request_id":"5a60e593-72db-4e2d-b5bd-1617c93e6845","method":"POST","path":"/api/v1/source-connections/fd5f08b0-af29-4ff7-87a8-f1e54bd1eaec/refresh","status":202,"duration_ms":9}
{"event":"http.request","request_id":"82f14e9d-3046-4e26-9c99-e727edf71c4d","method":"GET","path":"/api/v1/source-items","status":200,"duration_ms":2}
{"event":"http.request","request_id":"aada5f44-7733-44cf-ace8-5cfa0fb28d09","method":"POST","path":"/api/v1/source-connections/fd5f08b0-af29-4ff7-87a8-f1e54bd1eaec/refresh","status":202,"duration_ms":6}
{"event":"http.request","request_id":"17fc35f9-43fb-4c96-abf7-37ca45dfa97e","method":"GET","path":"/api/v1/source-items/119f6ca5-1709-4cd8-be70-06837d2009c5","status":200,"duration_ms":1}
✔ 来源ID去重与不可变观察快照，缺发布时间不使用采集时间替代 (433.350625ms)
{"event":"http.request","request_id":"adad46cd-130f-4c6f-abed-f42d353ed074","method":"POST","path":"/api/v1/source-connections/fd5f08b0-af29-4ff7-87a8-f1e54bd1eaec/refresh","status":202,"duration_ms":6}
{"event":"http.request","request_id":"d262725b-2d72-4a01-964f-5c51619c1948","method":"GET","path":"/api/v1/source-items","status":200,"duration_ms":2}
{"event":"http.request","request_id":"57810a97-4683-411b-b1ae-a7d198e5b8f3","method":"GET","path":"/api/v1/source-items","status":200,"duration_ms":2}
{"event":"http.request","request_id":"159a8135-15e5-4cd4-84dc-f11201cda52f","method":"GET","path":"/api/v1/source-items","status":422,"duration_ms":1}
{"event":"http.request","request_id":"9ea3eb06-ed1a-4951-8cea-a34d9cdc2fd9","method":"GET","path":"/api/v1/source-items","status":200,"duration_ms":1}
{"event":"http.request","request_id":"a4da72d9-816a-49c8-ba80-aac90da7e080","method":"GET","path":"/api/v1/source-items","status":200,"duration_ms":1}
{"event":"http.request","request_id":"e1135f4a-23a1-4dec-b0ae-d64b8f3119b6","method":"GET","path":"/api/v1/source-items","status":200,"duration_ms":1}
{"event":"http.request","request_id":"85a5d90c-5c78-4973-a46c-98cfad85d629","method":"GET","path":"/api/v1/source-items","status":200,"duration_ms":1}
✔ 过期与常青筛选区分；分页游标无重复；精确标题聚类保留独立证据 (36.62125ms)
{"event":"http.request","request_id":"1ab8fc7e-1522-4b02-8f3e-9b3075c6ed4b","method":"GET","path":"/api/v1/source-items","status":200,"duration_ms":2}
{"event":"http.request","request_id":"aad4cfb7-2e66-4972-afb6-36752d197934","method":"POST","path":"/api/v1/source-connections/fd5f08b0-af29-4ff7-87a8-f1e54bd1eaec/refresh","status":202,"duration_ms":5}
{"event":"http.request","request_id":"1c8208bd-f90a-4c37-a39b-4772f2fe26ac","method":"GET","path":"/api/v1/source-items/01ca55a5-34b3-49e2-99bf-48706ff2e6b1","status":200,"duration_ms":2}
✔ 过期采集不会覆盖较新的原文；跨空间查证据不可见 (19.580541ms)
✔ 签名URL、未知类型、伪造数值/日期和超量结果全部拒绝 (3.762125ms)
✔ 微博上游额外条目不误判结构变化，按配置限额返回并保留真实上游条数 (1.146875ms)
{"event":"http.request","request_id":"1f55582b-7da0-4946-b38b-afc2755211d7","method":"POST","path":"/api/v1/source-connections","status":201,"duration_ms":5}
{"event":"http.request","request_id":"e11f623b-a1ab-4221-8b4e-97301dfd51f3","method":"GET","path":"/api/v1/source-items","status":200,"duration_ms":1}
✔ 跨连接同标题主题保留两条独立来源与原始观察，不按标题删除 (12.431542ms)
{"event":"http.request","request_id":"8fbe835d-75f8-4e15-9de5-3d90a70809f5","method":"GET","path":"/api/v1/auth/csrf","status":200,"duration_ms":5}
{"event":"http.request","request_id":"a765c989-f6ed-4837-b34e-0b918297b52c","method":"POST","path":"/api/v1/setup","status":201,"duration_ms":37}
{"event":"http.request","request_id":"66f5068c-4065-485b-8774-c10b16ad341c","method":"GET","path":"/api/v1/auth/csrf","status":200,"duration_ms":2}
{"event":"http.request","request_id":"104af283-7aa0-4f6a-9b7a-b55d628a66be","method":"POST","path":"/api/v1/auth/login","status":200,"duration_ms":23}
{"event":"http.request","request_id":"39c97f4a-f54d-4cec-bf90-0040b20d773c","method":"GET","path":"/api/v1/me","status":200,"duration_ms":85}
{"event":"http.request","request_id":"bec704a0-3818-4127-a883-a185b6922b20","method":"POST","path":"/api/v1/accounts","status":201,"duration_ms":10}
{"event":"http.request","request_id":"1272d070-e717-4bc0-b293-2a9861881c57","method":"POST","path":"/api/v1/source-connections","status":201,"duration_ms":6}
{"event":"http.request","request_id":"1c10e1cc-fdcb-452b-a173-d8b989116a29","method":"GET","path":"/api/v1/source-items","status":200,"duration_ms":3}
{"event":"http.request","request_id":"0d5194b0-8be5-47df-890a-87e4f584e0e1","method":"POST","path":"/api/v1/source-organizations","status":202,"duration_ms":9}
{"event":"http.request","request_id":"25f7456d-1add-4158-a2fc-26cc2406defc","method":"GET","path":"/api/v1/source-organizations/376c8779-afb5-49a9-9541-0e2c1f593753","status":200,"duration_ms":2}
{"event":"http.request","request_id":"3b67ccc4-6bf8-4ccf-92ef-f68e76dedf62","method":"POST","path":"/api/v1/source-organizations","status":202,"duration_ms":6}
{"event":"http.request","request_id":"cf7e8c3a-c2c1-4d15-a847-e18e285c8e33","method":"GET","path":"/api/v1/source-organizations/328dc2c6-c113-46c0-9dcc-6ecfc49c91d2","status":200,"duration_ms":2}
{"event":"http.request","request_id":"a0529906-8e60-4447-8cb5-ca445585836f","method":"POST","path":"/api/v1/source-organizations/328dc2c6-c113-46c0-9dcc-6ecfc49c91d2/accept","status":200,"duration_ms":5}
{"event":"http.request","request_id":"91ea06a2-d69a-44dd-8147-d189c42ed060","method":"POST","path":"/api/v1/source-organizations/328dc2c6-c113-46c0-9dcc-6ecfc49c91d2/accept","status":200,"duration_ms":4}
✔ 来源为空不造原文，完整引用保留来源与观察，无自动去重/选题；人工采纳观点幂等 (480.357333ms)
{"event":"http.request","request_id":"106878bb-22fb-4d33-8db1-211c0c93eeb7","method":"POST","path":"/api/v1/source-organizations","status":202,"duration_ms":7}
{"event":"http.request","request_id":"5c8704b1-c5a1-4985-9e8c-0008c5755a4a","method":"GET","path":"/api/v1/source-organizations/a3ca1e94-8f33-4690-b03b-1ec5d4f6ad06","status":200,"duration_ms":2}
{"event":"http.request","request_id":"e09b87be-ed78-439e-b93c-cddfcbd16e4d","method":"POST","path":"/api/v1/source-organizations","status":202,"duration_ms":5}
{"event":"http.request","request_id":"800ceb89-2cca-4169-97a8-e182d185fe18","method":"GET","path":"/api/v1/source-organizations/dcb018c2-b756-41aa-a5d0-7ea51d63b869","status":200,"duration_ms":2}
{"event":"http.request","request_id":"b2566e13-895a-4521-8ac7-2aade4084151","method":"POST","path":"/api/v1/source-organizations","status":202,"duration_ms":5}
{"event":"http.request","request_id":"cd0b85da-735b-41a2-a7be-025f7b811500","method":"GET","path":"/api/v1/source-organizations/d69ef4be-4852-48b6-993d-16a17435a913","status":200,"duration_ms":2}
{"event":"http.request","request_id":"4ca121a5-e4f1-47c4-8f50-4dfa9bb70c59","method":"POST","path":"/api/v1/source-organizations","status":202,"duration_ms":5}
{"event":"http.request","request_id":"82fa7e6d-a2f3-4b10-b8f7-c3ef9ecc9651","method":"GET","path":"/api/v1/source-organizations/8e805f81-963b-4ae0-842e-0f028e8e62f4","status":200,"duration_ms":2}
✔ 伪造引用/改写原文/注入数字不能落库，允许一次修复并记录用量 (83.105458ms)
{"event":"http.request","request_id":"370cd397-80e7-429f-a5be-9cac71079d44","method":"POST","path":"/api/v1/source-organizations","status":202,"duration_ms":5}
{"event":"http.request","request_id":"f2e1da73-4430-4044-bcab-3ce9b68d68c4","method":"GET","path":"/api/v1/source-organizations/dbd4744a-6f74-4630-8cde-583de9229dff","status":200,"duration_ms":2}
{"event":"http.request","request_id":"9e95d1f1-4e79-4eea-bce3-f516cbf20809","method":"POST","path":"/api/v1/source-organizations","status":202,"duration_ms":5}
{"event":"http.request","request_id":"174ff651-47c9-4ba0-939f-95d936de3499","method":"GET","path":"/api/v1/source-organizations/70388341-4392-4359-b020-56f6138d60f1","status":200,"duration_ms":1}
{"event":"http.request","request_id":"1116e91a-c873-4245-a6eb-ff5e6968a39f","method":"POST","path":"/api/v1/source-organizations","status":202,"duration_ms":5}
{"event":"http.request","request_id":"d1c7f4b7-7c00-45be-9a9b-e23f37220fce","method":"GET","path":"/api/v1/source-organizations/65192a63-ac08-4a1c-9be5-32698ee2e0e8","status":200,"duration_ms":2}
{"event":"http.request","request_id":"23e0a458-73d4-413b-aed2-0f0a82d4acfd","method":"POST","path":"/api/v1/source-organizations","status":202,"duration_ms":5}
{"event":"http.request","request_id":"2e22f880-bbd1-4173-bcc6-1571504c3c9d","method":"GET","path":"/api/v1/source-organizations/1a2525a7-04e2-41e1-88f7-6f2c11bc718a","status":200,"duration_ms":2}
{"event":"http.request","request_id":"30ef30aa-98af-427e-80ad-e9035dec4da7","method":"GET","path":"/api/v1/source-organizations/1a2525a7-04e2-41e1-88f7-6f2c11bc718a","status":200,"duration_ms":2}
{"event":"http.request","request_id":"2e7ce86a-4e03-4687-8ce0-e0c321fa5f8a","method":"POST","path":"/api/v1/source-organizations/1a2525a7-04e2-41e1-88f7-6f2c11bc718a/accept","status":409,"duration_ms":4}
{"event":"http.request","request_id":"77ef34d7-b859-4a07-a14a-59f70b66226e","method":"POST","path":"/api/v1/source-organizations","status":202,"duration_ms":5}
{"event":"http.request","request_id":"f703a703-7e21-4f46-a414-c3b6c3699af8","method":"POST","path":"/api/v1/jobs/334e7b69-80ca-4164-8af0-96c1edc65d52/cancel","status":200,"duration_ms":4}
{"event":"http.request","request_id":"9b2cb2e6-c0cf-44ef-b2a9-535c5ee8b4a9","method":"GET","path":"/api/v1/source-organizations/bd2f6da6-0bf0-4b23-8b95-3ebeb0c9fd25","status":200,"duration_ms":2}
{"event":"http.request","request_id":"56fc767a-e891-4728-9787-98cd2b442206","method":"POST","path":"/api/v1/source-organizations","status":404,"duration_ms":3}
{"event":"http.request","request_id":"aad58f05-0c61-4d1e-a488-bc4edbd6d15e","method":"POST","path":"/api/v1/source-organizations","status":403,"duration_ms":2}
✔ 生成后提交前原文/角色/账号授权变化拒绝，取消不提交；完成后旧来源不能采纳 (96.064583ms)
✔ 来源摘要只能逐字冻结引用，去重不能重复ID或跳过组依据 (0.198084ms)
{"event":"http.request","request_id":"a2f7d4d4-3395-4fab-97e9-d1464fec657f","method":"GET","path":"/api/v1/auth/csrf","status":200,"duration_ms":5}
{"event":"http.request","request_id":"f53a9cd1-d0c8-4f62-8048-a1eafcb63b1a","method":"POST","path":"/api/v1/setup","status":201,"duration_ms":34}
{"event":"http.request","request_id":"0e4f99ef-5cfe-4167-9e02-afbbace4ec95","method":"GET","path":"/api/v1/auth/csrf","status":200,"duration_ms":1}
{"event":"http.request","request_id":"a14e6c13-603b-465c-93f7-0d86b7e2b6f1","method":"POST","path":"/api/v1/auth/login","status":200,"duration_ms":23}
{"event":"http.request","request_id":"ae2bfcbc-f400-4aed-95b0-834b8705b38d","method":"GET","path":"/api/v1/me","status":200,"duration_ms":80}
{"event":"http.request","request_id":"f4ad8f48-9735-455d-a43c-4f7279c0421c","method":"POST","path":"/api/v1/accounts","status":201,"duration_ms":10}
{"event":"http.request","request_id":"a8e69d2d-314d-45ea-8541-cb390efd01c5","method":"GET","path":"/api/v1/topics","status":200,"duration_ms":4}
{"event":"http.request","request_id":"fdb79bca-70f7-4382-bce2-146fd541e94c","method":"GET","path":"/api/v1/topics/148f643d-be24-4e43-a96c-4381d3525281","status":200,"duration_ms":5}
✔ 六项权重由服务端计分，保留缺项与生成批次，重复保存不新增 (395.07975ms)
{"event":"http.request","request_id":"cd5cd55f-1efc-4cea-8ef5-e766b0aba3e4","method":"POST","path":"/api/v1/topics/50e00bad-a729-4cf6-9fb8-9c10da50a64f/accept","status":200,"duration_ms":6}
{"event":"http.request","request_id":"0853822b-c010-49f3-89e3-9c0ba5b4ebd7","method":"POST","path":"/api/v1/topics/50e00bad-a729-4cf6-9fb8-9c10da50a64f/accept","status":200,"duration_ms":13}
{"event":"http.request","request_id":"f1dba387-9f91-4882-9bec-f17142d39220","method":"POST","path":"/api/v1/topics/50e00bad-a729-4cf6-9fb8-9c10da50a64f/accept","status":422,"duration_ms":3}
✔ 不同请求键并发采纳只保存一个决策，重复采纳返回原结果且没有Job/生产关系 (23.523833ms)
{"event":"http.request","request_id":"b40660f4-0cc8-4d0b-ae47-4408fa8a41f3","method":"POST","path":"/api/v1/topics/95e30142-d61c-4ba4-8a9a-54e55446de70/accept","status":200,"duration_ms":6}
{"event":"http.request","request_id":"9c7b6197-eb10-4562-8777-094d1a27c654","method":"POST","path":"/api/v1/topics/95e30142-d61c-4ba4-8a9a-54e55446de70/reject","status":409,"duration_ms":6}
{"event":"http.request","request_id":"3a510aee-ad3e-45e3-9e8a-195b6ea547db","method":"GET","path":"/api/v1/topics/95e30142-d61c-4ba4-8a9a-54e55446de70","status":200,"duration_ms":3}
{"event":"http.request","request_id":"57bbb648-d8c8-41bd-9ea1-7f5f1aaa221e","method":"POST","path":"/api/v1/topics/21efb82a-fd4e-4105-bbfb-9e19c6c8da95/accept","status":409,"duration_ms":3}
{"event":"http.request","request_id":"3c66c8ed-9d42-4866-9bee-6b6a651cf6d6","method":"GET","path":"/api/v1/topics","status":200,"duration_ms":1}
✔ 拒绝原因不可丢失；与采纳竞争只有一条最终决策，过期不得采纳 (22.73725ms)
{"event":"http.request","request_id":"90f81fbe-c652-49eb-8cb4-49109e0d6e20","method":"POST","path":"/api/v1/topics/6a733712-c0ae-4419-a44e-5c749436069b/variants","status":201,"duration_ms":6}
{"event":"http.request","request_id":"4072857c-0ca7-4240-a625-59e2ba4af653","method":"POST","path":"/api/v1/topics/6a733712-c0ae-4419-a44e-5c749436069b/variants","status":201,"duration_ms":13}
{"event":"http.request","request_id":"373c9a57-22a7-4336-931a-d1ddd3874e00","method":"POST","path":"/api/v1/topics/6a733712-c0ae-4419-a44e-5c749436069b/accept","status":422,"duration_ms":4}
✔ 显式变体保留父题/理由/证据并独立采纳；越权负责人和空间拒绝 (22.888166ms)
✔ 事实缺观察/伪造来源使整个候选事务回滚，不用高分掩盖错误 (3.547833ms)
{"event":"http.request","request_id":"ac3687cd-69d1-4cd2-a694-823a3d1525d2","method":"POST","path":"/api/v1/topics/e77784de-126c-4db1-9704-89401f534593/reject","status":422,"duration_ms":3}
{"event":"http.request","request_id":"c8e14dd7-d692-4a19-96f3-22f1c999cc6f","method":"POST","path":"/api/v1/topics/e77784de-126c-4db1-9704-89401f534593/reject","status":409,"duration_ms":3}
✔ 编辑只能采纳本人的任务；缺拒绝理由与陈旧版本不能改变选题 (10.58275ms)
{"event":"http.request","request_id":"9ea610bc-ef99-40f7-b1f1-1fd272133328","method":"POST","path":"/api/v1/source-connections","status":201,"duration_ms":4}
{"event":"http.request","request_id":"2a1ffc90-1a9f-40e4-9ae5-b863ab68d69a","method":"GET","path":"/api/v1/topics/609e70ab-ca07-4f1c-bef3-4aaf03bbd0e8","status":200,"duration_ms":2}
✔ 证据显示采纳建议生成时的不可变观察，不随着来源更新改写标题；观察必须匹配来源 (26.798625ms)
✔ 常青原创不能把来源窗口结束填成到期；明确来源的时效由服务端保留 (0.981959ms)
{"event":"http.request","request_id":"399b56d1-f85e-4582-8077-1ae633ec591f","method":"POST","path":"/api/v1/members","status":201,"duration_ms":21}
{"event":"http.request","request_id":"213da2c1-75ef-4f08-ac16-257ef4e9d9eb","method":"POST","path":"/api/v1/topics/373ac69d-7923-4b17-a31c-0c2fb012ea7d/accept","status":200,"duration_ms":5}
{"event":"http.request","request_id":"155bb103-0e10-43ec-a394-288e1b7c88e9","method":"PATCH","path":"/api/v1/members/6ec9d549-0c8a-49bc-a684-4fc2fad90a9c","status":422,"duration_ms":5}
{"event":"http.request","request_id":"02a27e89-10d7-4a5a-bcb2-c4b79476cfce","method":"PATCH","path":"/api/v1/members/6ec9d549-0c8a-49bc-a684-4fc2fad90a9c","status":200,"duration_ms":7}
{"event":"http.request","request_id":"dcd8e660-cb3c-4a4a-9f1d-7f246863f8b3","method":"GET","path":"/api/v1/topics/373ac69d-7923-4b17-a31c-0c2fb012ea7d","status":200,"duration_ms":3}
✔ 停用选题负责人必须移交，历史决策不改写，新负责人有授权和待办；编辑不能驳回他人题 (51.874042ms)
✔ 公开主页ID严格限定；不接受其他域名、登录凭据或签名URL作为配置 (0.5465ms)
✔ 账号笔记校验作者与笔记ID，规范链接剥离签名并拒绝错账号 (0.243083ms)
ℹ tests 120
ℹ suites 0
ℹ pass 120
ℹ fail 0
ℹ cancelled 0
ℹ skipped 0
ℹ todo 0
ℹ duration_ms 28189.295542
[WebServer] (node:19774) Warning: The 'NO_COLOR' env is ignored due to the 'FORCE_COLOR' env being set.
[WebServer] (Use `node --trace-warnings ...` to show where the warning was created)
[WebServer] (node:19775) Warning: The 'NO_COLOR' env is ignored due to the 'FORCE_COLOR' env being set.
[WebServer] (Use `node --trace-warnings ...` to show where the warning was created)
[WebServer] (node:19781) Warning: The 'NO_COLOR' env is ignored due to the 'FORCE_COLOR' env being set.
[WebServer] (Use `node --trace-warnings ...` to show where the warning was created)
[WebServer] (node:19781) Warning: The 'NO_COLOR' env is ignored due to the 'FORCE_COLOR' env being set.
[WebServer] (Use `node --trace-warnings ...` to show where the warning was created)

Running 14 tests using 1 worker

(node:19784) Warning: The 'NO_COLOR' env is ignored due to the 'FORCE_COLOR' env being set.
(Use `node --trace-warnings ...` to show where the warning was created)
(node:19784) Warning: The 'NO_COLOR' env is ignored due to the 'FORCE_COLOR' env being set.
(Use `node --trace-warnings ...` to show where the warning was created)
  ✓   1 tests/browser.spec.ts:5:5 › 首次设置、三导航、账号表单、设置保存、键盘抽屉和退出 (2.2s)
  ✓   2 tests/browser.spec.ts:24:5 › 请求失败显示可重试错误，加载状态和登录过期可见 (1.5s)
  ✓   3 tests/browser.spec.ts:31:5 › 来源连接保存、独立待验证状态、启用和同源运行记录 (1.3s)
  ✓   4 tests/browser.spec.ts:41:5 › 来源证据详情保留原始观察、采集时间和缺失发布时间 (1.3s)
  ✓   5 tests/browser.spec.ts:47:5 › 候选理由/评分/证据、默认本人采纳、拒绝留因与显式变体 (1.8s)
  ✓   6 tests/browser.spec.ts:58:5 › T26 独立笔记登记与更正、旧深链回退、三导航窄屏无溢出 (979ms)
  ✓   7 tests/browser.spec.ts:66:5 › S7 手工待确认→部分确认→冲突更正→撤销旧批次，来源及计算可核对 (2.0s)
  ✓   8 tests/browser.spec.ts:75:5 › S7 模板上传、安全解析状态、字段映射和不可入账示例，键盘可关闭抽屉 (11.7s)
  ✓   9 tests/browser.spec.ts:80:5 › S8 看板历史值、分析窗口/形式/流量与不可比提示，窄屏和键盘可用 (1.4s)
  ✓  10 tests/browser.spec.ts:92:5 › S8 周报partial/final/stale、事实计算来源和策略人工激活，合成模型不自动操作 (11.8s)
  ✓  11 tests/browser.spec.ts:100:5 › S8 反馈录入、未知许可分类、明确用途草案和撤回，键盘及窄屏无自动发送 (3.4s)
  ✓  12 tests/browser.spec.ts:105:5 › S8 工作台最多三项真实待办，批次/来源深链和历史指标可溯源，三种宽度与键盘可用 (1.4s)
  ✓  13 tests/browser.spec.ts:109:5 › S8 设置产能/预算、真实监控、来源配额、失败重试与通知审计入口可用 (1.8s)
  ✓  14 tests/browser.spec.ts:113:5 › S8 来源AI冻结原文、人工采纳不去重，键盘/移动端与更新失效提示 (7.2s)

  14 passed (51.4s)
